rank,track,artist,streams,chart_date
1,"list(label = c(""https://is1-ssl.mzstatic.com/image/thumb/Music221/v4/a0/dd/fd/a0ddfd72-ee9e-f046-6466-a5dbefc696fa/26UM1IM21436.rgb.jpg/55x55bb.png"", ""https://is1-ssl.mzstatic.com/image/thumb/Music221/v4/a0/dd/fd/a0ddfd72-ee9e-f046-6466-a5dbefc696fa/26UM1IM21436.rgb.jpg/60x60bb.png"", ""https://is1-ssl.mzstatic.com/image/thumb/Music221/v4/a0/dd/fd/a0ddfd72-ee9e-f046-6466-a5dbefc696fa/26UM1IM21436.rgb.jpg/170x170bb.png""), attributes.height = c(""55"", ""60"", ""170""))","list(attributes.rel = c(""alternate"", ""enclosure""), attributes.type = c(""text/html"", ""audio/x-m4a""), attributes.href = c(""https://music.apple.com/us/album/patient-zero/6814997249?i=6814997425&uo=2"", ""https://audio-ssl.itunes.apple.com/itunes-assets/AudioPreview211/v4/0b/be/8c/0bbe8c0a-dc77-af41-97a5-c745cc43d38c/mzaf_11790447166833591507.plus.aac.p.m4a""), attributes.title = c(NA, ""Preview""), `attributes.im:assetType` = c(NA, ""preview""), `im:duration.label` = c(NA, ""30000""))",NA,2026-09-30
2,"list(label = c(""https://is1-ssl.mzstatic.com/image/thumb/Music221/v4/a0/dd/fd/a0ddfd72-ee9e-f046-6466-a5dbefc696fa/26UM1IM21436.rgb.jpg/55x55bb.png"", ""https://is1-ssl.mzstatic.com/image/thumb/Music221/v4/a0/dd/fd/a0ddfd72-ee9e-f046-6466-a5dbefc696fa/26UM1IM21436.rgb.jpg/60x60bb.png"", ""https://is1-ssl.mzstatic.com/image/thumb/Music221/v4/a0/dd/fd/a0ddfd72-ee9e-f046-6466-a5dbefc696fa/26UM1IM21436.rgb.jpg/170x170bb.png""), attributes.height = c(""55"", ""60"", ""170""))","list(attributes.rel = c(""alternate"", ""enclosure""), attributes.type = c(""text/html"", ""audio/x-m4a""), attributes.href = c(""https://music.apple.com/us/album/cleveland/6814997249?i=6814997427&uo=2"", ""https://audio-ssl.itunes.apple.com/itunes-assets/AudioPreview221/v4/39/42/5b/39425b91-27b1-4b37-2f57-6f704fa5d8a6/mzaf_158326623628930700.plus.aac.p.m4a""), attributes.title = c(NA, ""Preview""), `attributes.im:assetType` = c(NA, ""preview""), `im:duration.label` = c(NA, ""30000""))",NA,2026-09-30
3,"list(label = c(""https://is1-ssl.mzstatic.com/image/thumb/Music221/v4/a0/dd/fd/a0ddfd72-ee9e-f046-6466-a5dbefc696fa/26UM1IM21436.rgb.jpg/55x55bb.png"", ""https://is1-ssl.mzstatic.com/image/thumb/Music221/v4/a0/dd/fd/a0ddfd72-ee9e-f046-6466-a5dbefc696fa/26UM1IM21436.rgb.jpg/60x60bb.png"", ""https://is1-ssl.mzstatic.com/image/thumb/Music221/v4/a0/dd/fd/a0ddfd72-ee9e-f046-6466-a5dbefc696fa/26UM1IM21436.rgb.jpg/170x170bb.png""), attributes.height = c(""55"", ""60"", ""170""))","list(attributes.rel = c(""alternate"", ""enclosure""), attributes.type = c(""text/html"", ""audio/x-m4a""), attributes.href = c(""https://music.apple.com/us/album/babylon/6814997249?i=6814997429&uo=2"", ""https://audio-ssl.itunes.apple.com/itunes-assets/AudioPreview221/v4/58/f2/54/58f254a3-25aa-0542-bf46-4627c8f2e06b/mzaf_5527018976386911832.plus.aac.p.m4a""), attributes.title = c(NA, ""Preview""), `attributes.im:assetType` = c(NA, ""preview""), `im:duration.label` = c(NA, ""30000""))",NA,2026-09-30
4,"list(label = c(""https://is1-ssl.mzstatic.com/image/thumb/Music221/v4/a0/dd/fd/a0ddfd72-ee9e-f046-6466-a5dbefc696fa/26UM1IM21436.rgb.jpg/55x55bb.png"", ""https://is1-ssl.mzstatic.com/image/thumb/Music221/v4/a0/dd/fd/a0ddfd72-ee9e-f046-6466-a5dbefc696fa/26UM1IM21436.rgb.jpg/60x60bb.png"", ""https://is1-ssl.mzstatic.com/image/thumb/Music221/v4/a0/dd/fd/a0ddfd72-ee9e-f046-6466-a5dbefc696fa/26UM1IM21436.rgb.jpg/170x170bb.png""), attributes.height = c(""55"", ""60"", ""170""))","list(attributes.rel = c(""alternate"", ""enclosure""), attributes.type = c(""text/html"", ""audio/x-m4a""), attributes.href = c(""https://music.apple.com/us/album/pink-clouding/6814997249?i=6814997428&uo=2"", ""https://audio-ssl.itunes.apple.com/itunes-assets/AudioPreview221/v4/1e/88/d5/1e88d560-253f-3fa2-87a0-2f83b9681948/mzaf_11928544907491655022.plus.aac.p.m4a""), attributes.title = c(NA, ""Preview""), `attributes.im:assetType` = c(NA, ""preview""), `im:duration.label` = c(NA, ""30000""))",NA,2026-09-30
5,"list(label = c(""https://is1-ssl.mzstatic.com/image/thumb/Music221/v4/e2/91/4d/e2914d0a-7f1d-f04c-fbf4-c50b38548838/196873638690.jpg/55x55bb.png"", ""https://is1-ssl.mzstatic.com/image/thumb/Music221/v4/e2/91/4d/e2914d0a-7f1d-f04c-fbf4-c50b38548838/196873638690.jpg/60x60bb.png"", ""https://is1-ssl.mzstatic.com/image/thumb/Music221/v4/e2/91/4d/e2914d0a-7f1d-f04c-fbf4-c50b38548838/196873638690.jpg/170x170bb.png""), attributes.height = c(""55"", ""60"", ""170""))","list(attributes.rel = c(""alternate"", ""enclosure""), attributes.type = c(""text/html"", ""audio/x-m4a""), attributes.href = c(""https://music.apple.com/us/album/choosin-texas/1844932149?i=1844932150&uo=2"", ""https://audio-ssl.itunes.apple.com/itunes-assets/AudioPreview211/v4/38/49/4c/38494cb4-f9e0-1db4-0b84-8c478cb55390/mzaf_4251933786704889664.plus.aac.p.m4a""), attributes.title = c(NA, ""Preview""), `attributes.im:assetType` = c(NA, ""preview""), `im:duration.label` = c(NA, ""30000""))",NA,2026-09-30
6,"list(label = c(""https://is1-ssl.mzstatic.com/image/thumb/Music211/v4/d5/ad/da/d5adda6b-65f4-755a-05ab-f33a4e0e4cdd/artwork.jpg/55x55bb.png"", ""https://is1-ssl.mzstatic.com/image/thumb/Music211/v4/d5/ad/da/d5adda6b-65f4-755a-05ab-f33a4e0e4cdd/artwork.jpg/60x60bb.png"", ""https://is1-ssl.mzstatic.com/image/thumb/Music211/v4/d5/ad/da/d5adda6b-65f4-755a-05ab-f33a4e0e4cdd/artwork.jpg/170x170bb.png""), attributes.height = c(""55"", ""60"", ""170""))","list(attributes.rel = c(""alternate"", ""enclosure""), attributes.type = c(""text/html"", ""audio/x-m4a""), attributes.href = c(""https://music.apple.com/us/album/bad-times/1894224408?i=1894224409&uo=2"", ""https://audio-ssl.itunes.apple.com/itunes-assets/AudioPreview211/v4/79/6c/e9/796ce961-9c5b-8f48-dd6d-9ee1ff38dc58/mzaf_3288254996312096641.plus.aac.p.m4a""), attributes.title = c(NA, ""Preview""), `attributes.im:assetType` = c(NA, ""preview""), `im:duration.label` = c(NA, ""30000""))",NA,2026-09-30
7,"list(label = c(""https://is1-ssl.mzstatic.com/image/thumb/Music221/v4/5d/d3/1c/5dd31c9c-1e1c-0bbc-104f-4a42e2bb4c59/075679556424.jpg/55x55bb.png"", ""https://is1-ssl.mzstatic.com/image/thumb/Music221/v4/5d/d3/1c/5dd31c9c-1e1c-0bbc-104f-4a42e2bb4c59/075679556424.jpg/60x60bb.png"", ""https://is1-ssl.mzstatic.com/image/thumb/Music221/v4/5d/d3/1c/5dd31c9c-1e1c-0bbc-104f-4a42e2bb4c59/075679556424.jpg/170x170bb.png""), attributes.height = c(""55"", ""60"", ""170""))","list(attributes.rel = c(""alternate"", ""enclosure""), attributes.type = c(""text/html"", ""audio/x-m4a""), attributes.href = c(""https://music.apple.com/us/album/last-thing-you-need/6812476961?i=6812477290&uo=2"", ""https://audio-ssl.itunes.apple.com/itunes-assets/AudioPreview211/v4/7f/98/3c/7f983c2f-9eb3-7089-b929-8c64b23fb29f/mzaf_5346668167578705013.plus.aac.p.m4a""), attributes.title = c(NA, ""Preview""), `attributes.im:assetType` = c(NA, ""preview""), `im:duration.label` = c(NA, ""30000""))",NA,2026-09-30
8,"list(label = c(""https://is1-ssl.mzstatic.com/image/thumb/Music221/v4/f4/e5/61/f4e561f5-3e73-68c7-7ca4-295ac5a063ed/26UMGIM51351.rgb.jpg/55x55bb.png"", ""https://is1-ssl.mzstatic.com/image/thumb/Music221/v4/f4/e5/61/f4e561f5-3e73-68c7-7ca4-295ac5a063ed/26UMGIM51351.rgb.jpg/60x60bb.png"", ""https://is1-ssl.mzstatic.com/image/thumb/Music221/v4/f4/e5/61/f4e561f5-3e73-68c7-7ca4-295ac5a063ed/26UMGIM51351.rgb.jpg/170x170bb.png""), attributes.height = c(""55"", ""60"", ""170""))","list(attributes.rel = c(""alternate"", ""enclosure""), attributes.type = c(""text/html"", ""audio/x-m4a""), attributes.href = c(""https://music.apple.com/us/album/great-expectation/6769552402?i=6769552411&uo=2"", ""https://audio-ssl.itunes.apple.com/itunes-assets/AudioPreview221/v4/40/c1/d9/40c1d9be-697c-b5ee-e8ae-73fef69df41b/mzaf_7009964384917073301.plus.aac.p.m4a""), attributes.title = c(NA, ""Preview""), `attributes.im:assetType` = c(NA, ""preview""), `im:duration.label` = c(NA, ""30000""))",NA,2026-09-30
9,"list(label = c(""https://is1-ssl.mzstatic.com/image/thumb/Music211/v4/08/03/7f/08037f7d-6173-9348-991d-5966f0686539/artwork.jpg/55x55bb.png"", ""https://is1-ssl.mzstatic.com/image/thumb/Music211/v4/08/03/7f/08037f7d-6173-9348-991d-5966f0686539/artwork.jpg/60x60bb.png"", ""https://is1-ssl.mzstatic.com/image/thumb/Music211/v4/08/03/7f/08037f7d-6173-9348-991d-5966f0686539/artwork.jpg/170x170bb.png""), attributes.height = c(""55"", ""60"", ""170""))","list(attributes.rel = c(""alternate"", ""enclosure""), attributes.type = c(""text/html"", ""audio/x-m4a""), attributes.href = c(""https://music.apple.com/us/album/bad-times-extended-version/1890913668?i=1890913669&uo=2"", ""https://audio-ssl.itunes.apple.com/itunes-assets/AudioPreview221/v4/cf/fc/38/cffc38e7-ccf6-499a-2a93-eb98de0d936b/mzaf_3294710183099291572.plus.aac.p.m4a""), attributes.title = c(NA, ""Preview""), `attributes.im:assetType` = c(NA, ""preview""), `im:duration.label` = c(NA, ""30000""))",NA,2026-09-30
10,"list(label = c(""https://is1-ssl.mzstatic.com/image/thumb/Music221/v4/74/60/09/74600943-c67a-5335-4f8c-bad8b3e5d2a8/26BMR0007851.rgb.jpg/55x55bb.png"", ""https://is1-ssl.mzstatic.com/image/thumb/Music221/v4/74/60/09/74600943-c67a-5335-4f8c-bad8b3e5d2a8/26BMR0007851.rgb.jpg/60x60bb.png"", ""https://is1-ssl.mzstatic.com/image/thumb/Music221/v4/74/60/09/74600943-c67a-5335-4f8c-bad8b3e5d2a8/26BMR0007851.rgb.jpg/170x170bb.png""), attributes.height = c(""55"", ""60"", ""170""))","list(attributes.rel = c(""alternate"", ""enclosure""), attributes.type = c(""text/html"", ""audio/x-m4a""), attributes.href = c(""https://music.apple.com/us/album/my-way/1892083036?i=1892083308&uo=2"", ""https://audio-ssl.itunes.apple.com/itunes-assets/AudioPreview221/v4/d6/56/b8/d656b8e9-28a5-5313-28d3-06282cb7da64/mzaf_8128067240056507632.plus.aac.p.m4a""), attributes.title = c(NA, ""Preview""), `attributes.im:assetType` = c(NA, ""preview""), `im:duration.label` = c(NA, ""30000""))",NA,2026-09-30
11,"list(label = c(""https://is1-ssl.mzstatic.com/image/thumb/Music211/v4/7c/de/5e/7cde5e7a-612d-9714-d34c-1eb234c85ebb/810129961546.jpg/55x55bb.png"", ""https://is1-ssl.mzstatic.com/image/thumb/Music211/v4/7c/de/5e/7cde5e7a-612d-9714-d34c-1eb234c85ebb/810129961546.jpg/60x60bb.png"", ""https://is1-ssl.mzstatic.com/image/thumb/Music211/v4/7c/de/5e/7cde5e7a-612d-9714-d34c-1eb234c85ebb/810129961546.jpg/170x170bb.png""), attributes.height = c(""55"", ""60"", ""170""))","list(attributes.rel = c(""alternate"", ""enclosure""), attributes.type = c(""text/html"", ""audio/x-m4a""), attributes.href = c(""https://music.apple.com/us/album/boston/1884403092?i=1884403093&uo=2"", ""https://audio-ssl.itunes.apple.com/itunes-assets/AudioPreview221/v4/44/0f/c5/440fc55c-cd76-7620-e6f8-b261df255ac0/mzaf_16427196732428704455.plus.aac.p.m4a""), attributes.title = c(NA, ""Preview""), `attributes.im:assetType` = c(NA, ""preview""), `im:duration.label` = c(NA, ""30000""))",NA,2026-09-30
12,"list(label = c(""https://is1-ssl.mzstatic.com/image/thumb/Music221/v4/a0/dd/fd/a0ddfd72-ee9e-f046-6466-a5dbefc696fa/26UM1IM21436.rgb.jpg/55x55bb.png"", ""https://is1-ssl.mzstatic.com/image/thumb/Music221/v4/a0/dd/fd/a0ddfd72-ee9e-f046-6466-a5dbefc696fa/26UM1IM21436.rgb.jpg/60x60bb.png"", ""https://is1-ssl.mzstatic.com/image/thumb/Music221/v4/a0/dd/fd/a0ddfd72-ee9e-f046-6466-a5dbefc696fa/26UM1IM21436.rgb.jpg/170x170bb.png""), attributes.height = c(""55"", ""60"", ""170""))","list(attributes.rel = c(""alternate"", ""enclosure""), attributes.type = c(""text/html"", ""audio/x-m4a""), attributes.href = c(""https://music.apple.com/us/album/the-fate-of-ophelia/6814997249?i=6814997402&uo=2"", ""https://audio-ssl.itunes.apple.com/itunes-assets/AudioPreview211/v4/eb/f7/b2/ebf7b2ce-1b88-3256-d7a1-bdb97cdb9d88/mzaf_11342796757749510764.plus.aac.p.m4a""), attributes.title = c(NA, ""Preview""), `attributes.im:assetType` = c(NA, ""preview""), `im:duration.label` = c(NA, ""30000""))",NA,2026-09-30
13,"list(label = c(""https://is1-ssl.mzstatic.com/image/thumb/Music221/v4/9f/8d/52/9f8d52a0-b6d9-d038-327b-4fe58bedce67/26UMGIM94572.rgb.jpg/55x55bb.png"", ""https://is1-ssl.mzstatic.com/image/thumb/Music221/v4/9f/8d/52/9f8d52a0-b6d9-d038-327b-4fe58bedce67/26UMGIM94572.rgb.jpg/60x60bb.png"", ""https://is1-ssl.mzstatic.com/image/thumb/Music221/v4/9f/8d/52/9f8d52a0-b6d9-d038-327b-4fe58bedce67/26UMGIM94572.rgb.jpg/170x170bb.png""), attributes.height = c(""55"", ""60"", ""170""))","list(attributes.rel = c(""alternate"", ""enclosure""), attributes.type = c(""text/html"", ""audio/x-m4a""), attributes.href = c(""https://music.apple.com/us/album/been-by-now/6792676858?i=6792676860&uo=2"", ""https://audio-ssl.itunes.apple.com/itunes-assets/AudioPreview221/v4/d4/8e/e7/d48ee7e8-0c76-ca27-7222-aa4d2b048dc2/mzaf_11704984347411785772.plus.aac.p.m4a""), attributes.title = c(NA, ""Preview""), `attributes.im:assetType` = c(NA, ""preview""), `im:duration.label` = c(NA, ""30000""))",NA,2026-09-30
14,"list(label = c(""https://is1-ssl.mzstatic.com/image/thumb/Music211/v4/69/10/8a/69108a18-55ec-d774-a653-90b2242733db/199538765458.jpg/55x55bb.png"", ""https://is1-ssl.mzstatic.com/image/thumb/Music211/v4/69/10/8a/69108a18-55ec-d774-a653-90b2242733db/199538765458.jpg/60x60bb.png"", ""https://is1-ssl.mzstatic.com/image/thumb/Music211/v4/69/10/8a/69108a18-55ec-d774-a653-90b2242733db/199538765458.jpg/170x170bb.png""), attributes.height = c(""55"", ""60"", ""170""))","list(attributes.rel = c(""alternate"", ""enclosure""), attributes.type = c(""text/html"", ""audio/x-m4a""), attributes.href = c(""https://music.apple.com/us/album/where-is-my-husband/1838737596?i=1838737598&uo=2"", ""https://audio-ssl.itunes.apple.com/itunes-assets/AudioPreview221/v4/6a/67/70/6a6770b5-4927-7854-5915-56b8c27b5520/mzaf_6725601798761594834.plus.aac.p.m4a""), attributes.title = c(NA, ""Preview""), `attributes.im:assetType` = c(NA, ""preview""), `im:duration.label` = c(NA, ""30000""))",NA,2026-09-30
15,"list(label = c(""https://is1-ssl.mzstatic.com/image/thumb/Music211/v4/f4/ab/17/f4ab17e6-eef9-ed88-91cc-68d5862d99c6/0045778761166.png/55x55bb.png"", ""https://is1-ssl.mzstatic.com/image/thumb/Music211/v4/f4/ab/17/f4ab17e6-eef9-ed88-91cc-68d5862d99c6/0045778761166.png/60x60bb.png"", ""https://is1-ssl.mzstatic.com/image/thumb/Music211/v4/f4/ab/17/f4ab17e6-eef9-ed88-91cc-68d5862d99c6/0045778761166.png/170x170bb.png""), attributes.height = c(""55"", ""60"", ""170""))","list(attributes.rel = c(""alternate"", ""enclosure""), attributes.type = c(""text/html"", ""audio/x-m4a""), attributes.href = c(""https://music.apple.com/us/album/hear-me-now-feat-iron-wine/6774548162?i=6774548169&uo=2"", ""https://audio-ssl.itunes.apple.com/itunes-assets/AudioPreview211/v4/78/54/63/78546317-68c7-31a7-a1e5-fdaaaa3c1e92/mzaf_17937224753034164179.plus.aac.p.m4a""), attributes.title = c(NA, ""Preview""), `attributes.im:assetType` = c(NA, ""preview""), `im:duration.label` = c(NA, ""30000""))",NA,2026-09-30
16,"list(label = c(""https://is1-ssl.mzstatic.com/image/thumb/Music221/v4/00/a9/eb/00a9ebdb-af5e-2234-b584-35346f861b3d/26CRGIM56006.rgb.jpg/55x55bb.png"", ""https://is1-ssl.mzstatic.com/image/thumb/Music221/v4/00/a9/eb/00a9ebdb-af5e-2234-b584-35346f861b3d/26CRGIM56006.rgb.jpg/60x60bb.png"", ""https://is1-ssl.mzstatic.com/image/thumb/Music221/v4/00/a9/eb/00a9ebdb-af5e-2234-b584-35346f861b3d/26CRGIM56006.rgb.jpg/170x170bb.png""), attributes.height = c(""55"", ""60"", ""170""))","list(attributes.rel = c(""alternate"", ""enclosure""), attributes.type = c(""text/html"", ""audio/x-m4a""), attributes.href = c(""https://music.apple.com/us/album/hey-there-delilah-feat-l%C3%B8l%C3%B8/6794032328?i=6794032435&uo=2"", ""https://audio-ssl.itunes.apple.com/itunes-assets/AudioPreview211/v4/da/94/f4/da94f49d-8d7c-5b6b-194c-737ff6e4e945/mzaf_6692330061210041993.plus.aac.p.m4a""), attributes.title = c(NA, ""Preview""), `attributes.im:assetType` = c(NA, ""preview""), `im:duration.label` = c(NA, ""30000""))",NA,2026-09-30
17,"list(label = c(""https://is1-ssl.mzstatic.com/image/thumb/Music221/v4/62/33/40/62334080-6129-4d0c-086b-921cc956cb7a/196872090895.jpg/55x55bb.png"", ""https://is1-ssl.mzstatic.com/image/thumb/Music221/v4/62/33/40/62334080-6129-4d0c-086b-921cc956cb7a/196872090895.jpg/60x60bb.png"", ""https://is1-ssl.mzstatic.com/image/thumb/Music221/v4/62/33/40/62334080-6129-4d0c-086b-921cc956cb7a/196872090895.jpg/170x170bb.png""), attributes.height = c(""55"", ""60"", ""170""))","list(attributes.rel = c(""alternate"", ""enclosure""), attributes.type = c(""text/html"", ""audio/x-m4a""), attributes.href = c(""https://music.apple.com/us/album/you-look-like-you-love-me/1749121114?i=1749121123&uo=2"", ""https://audio-ssl.itunes.apple.com/itunes-assets/AudioPreview211/v4/14/f6/be/14f6bec3-f232-2211-042c-743d933c9c02/mzaf_7434264055963505924.plus.aac.p.m4a""), attributes.title = c(NA, ""Preview""), `attributes.im:assetType` = c(NA, ""preview""), `im:duration.label` = c(NA, ""30000""))",NA,2026-09-30
18,"list(label = c(""https://is1-ssl.mzstatic.com/image/thumb/Music221/v4/07/bb/84/07bb846c-eaea-b26a-aebd-ba911351a35b/00823375244738_Cover.jpg/55x55bb.png"", ""https://is1-ssl.mzstatic.com/image/thumb/Music221/v4/07/bb/84/07bb846c-eaea-b26a-aebd-ba911351a35b/00823375244738_Cover.jpg/60x60bb.png"", ""https://is1-ssl.mzstatic.com/image/thumb/Music221/v4/07/bb/84/07bb846c-eaea-b26a-aebd-ba911351a35b/00823375244738_Cover.jpg/170x170bb.png""), attributes.height = c(""55"", ""60"", ""170""))","list(attributes.rel = c(""alternate"", ""enclosure""), attributes.type = c(""text/html"", ""audio/x-m4a""), attributes.href = c(""https://music.apple.com/us/album/make-me-love-you/6784018115?i=6784018125&uo=2"", ""https://audio-ssl.itunes.apple.com/itunes-assets/AudioPreview221/v4/0c/60/b8/0c60b8f1-8925-2f38-b66e-02145ff8a1c4/mzaf_11262224206029884975.plus.aac.p.m4a""), attributes.title = c(NA, ""Preview""), `attributes.im:assetType` = c(NA, ""preview""), `im:duration.label` = c(NA, ""30000""))",NA,2026-09-30
19,"list(label = c(""https://is1-ssl.mzstatic.com/image/thumb/Music112/v4/d6/cd/d8/d6cdd86f-db67-ffc8-cd5e-26c4559686c3/054391903860.jpg/55x55bb.png"", ""https://is1-ssl.mzstatic.com/image/thumb/Music112/v4/d6/cd/d8/d6cdd86f-db67-ffc8-cd5e-26c4559686c3/054391903860.jpg/60x60bb.png"", ""https://is1-ssl.mzstatic.com/image/thumb/Music112/v4/d6/cd/d8/d6cdd86f-db67-ffc8-cd5e-26c4559686c3/054391903860.jpg/170x170bb.png""), attributes.height = c(""55"", ""60"", ""170""))","list(attributes.rel = c(""alternate"", ""enclosure""), attributes.type = c(""text/html"", ""audio/x-m4a""), attributes.href = c(""https://music.apple.com/us/album/something-in-the-orange/1620419728?i=1620419734&uo=2"", ""https://audio-ssl.itunes.apple.com/itunes-assets/AudioPreview221/v4/32/b3/f1/32b3f1e5-33f9-2783-7011-89faa0e4c707/mzaf_15798803351390194915.plus.aac.p.m4a""), attributes.title = c(NA, ""Preview""), `attributes.im:assetType` = c(NA, ""preview""), `im:duration.label` = c(NA, ""30000""))",NA,2026-09-30
20,"list(label = c(""https://is1-ssl.mzstatic.com/image/thumb/Music211/v4/af/ac/b1/afacb116-c6e9-ae05-a3e5-efdd6ded7094/199538722796.jpg/55x55bb.png"", ""https://is1-ssl.mzstatic.com/image/thumb/Music211/v4/af/ac/b1/afacb116-c6e9-ae05-a3e5-efdd6ded7094/199538722796.jpg/60x60bb.png"", ""https://is1-ssl.mzstatic.com/image/thumb/Music211/v4/af/ac/b1/afacb116-c6e9-ae05-a3e5-efdd6ded7094/199538722796.jpg/170x170bb.png""), attributes.height = c(""55"", ""60"", ""170""))","list(attributes.rel = c(""alternate"", ""enclosure""), attributes.type = c(""text/html"", ""audio/x-m4a""), attributes.href = c(""https://music.apple.com/us/album/black-velvet/1837530989?i=1837530994&uo=2"", ""https://audio-ssl.itunes.apple.com/itunes-assets/AudioPreview221/v4/ec/b9/9e/ecb99e49-c661-d370-027b-b08c68be990d/mzaf_15413575699994555090.plus.aac.p.m4a""), attributes.title = c(NA, ""Preview""), `attributes.im:assetType` = c(NA, ""preview""), `im:duration.label` = c(NA, ""30000""))",NA,2026-09-30
21,"list(label = c(""https://is1-ssl.mzstatic.com/image/thumb/Music221/v4/34/35/6c/34356cb4-bd0b-3bac-b118-1a6d7264dc64/26UMGIM69942.rgb.jpg/55x55bb.png"", ""https://is1-ssl.mzstatic.com/image/thumb/Music221/v4/34/35/6c/34356cb4-bd0b-3bac-b118-1a6d7264dc64/26UMGIM69942.rgb.jpg/60x60bb.png"", ""https://is1-ssl.mzstatic.com/image/thumb/Music221/v4/34/35/6c/34356cb4-bd0b-3bac-b118-1a6d7264dc64/26UMGIM69942.rgb.jpg/170x170bb.png""), attributes.height = c(""55"", ""60"", ""170""))","list(attributes.rel = c(""alternate"", ""enclosure""), attributes.type = c(""text/html"", ""audio/x-m4a""), attributes.href = c(""https://music.apple.com/us/album/i-knew-it-i-knew-you-from-toy-story-5/6775527442?i=6775527443&uo=2"", ""https://audio-ssl.itunes.apple.com/itunes-assets/AudioPreview221/v4/73/76/42/737642e6-c478-bed7-f11f-efee96072450/mzaf_5163950318414409594.plus.aac.p.m4a""), attributes.title = c(NA, ""Preview""), `attributes.im:assetType` = c(NA, ""preview""), `im:duration.label` = c(NA, ""30000""))",NA,2026-09-30
22,"list(label = c(""https://is1-ssl.mzstatic.com/image/thumb/Music211/v4/ed/46/bf/ed46bf4e-7cb9-965a-54f3-03059977fe6c/075679589293.jpg/55x55bb.png"", ""https://is1-ssl.mzstatic.com/image/thumb/Music211/v4/ed/46/bf/ed46bf4e-7cb9-965a-54f3-03059977fe6c/075679589293.jpg/60x60bb.png"", ""https://is1-ssl.mzstatic.com/image/thumb/Music211/v4/ed/46/bf/ed46bf4e-7cb9-965a-54f3-03059977fe6c/075679589293.jpg/170x170bb.png""), attributes.height = c(""55"", ""60"", ""170""))","list(attributes.rel = c(""alternate"", ""enclosure""), attributes.type = c(""text/html"", ""audio/x-m4a""), attributes.href = c(""https://music.apple.com/us/album/dance-with-me/1866732792?i=1866733083&uo=2"", ""https://audio-ssl.itunes.apple.com/itunes-assets/AudioPreview211/v4/59/fe/16/59fe1631-83ab-35a9-a5ad-e02a9191e3cb/mzaf_17098503520903913423.plus.aac.p.m4a""), attributes.title = c(NA, ""Preview""), `attributes.im:assetType` = c(NA, ""preview""), `im:duration.label` = c(NA, ""30000""))",NA,2026-09-30
23,"list(label = c(""https://is1-ssl.mzstatic.com/image/thumb/Music221/v4/3a/7b/53/3a7b5338-8eeb-5dd3-15b7-15b9cdf03e37/4099964296495.jpg/55x55bb.png"", ""https://is1-ssl.mzstatic.com/image/thumb/Music221/v4/3a/7b/53/3a7b5338-8eeb-5dd3-15b7-15b9cdf03e37/4099964296495.jpg/60x60bb.png"", ""https://is1-ssl.mzstatic.com/image/thumb/Music221/v4/3a/7b/53/3a7b5338-8eeb-5dd3-15b7-15b9cdf03e37/4099964296495.jpg/170x170bb.png""), attributes.height = c(""55"", ""60"", ""170""))","list(attributes.rel = c(""alternate"", ""enclosure""), attributes.type = c(""text/html"", ""audio/x-m4a""), attributes.href = c(""https://music.apple.com/us/album/to-whom-it-may-concern/6815876344?i=6815876797&uo=2"", ""https://audio-ssl.itunes.apple.com/itunes-assets/AudioPreview221/v4/5d/3b/26/5d3b269d-e467-3d95-2b1e-3f281356b9a4/mzaf_8730870701587724484.plus.aac.p.m4a""), attributes.title = c(NA, ""Preview""), `attributes.im:assetType` = c(NA, ""preview""), `im:duration.label` = c(NA, ""30000""))",NA,2026-09-30
24,"list(label = c(""https://is1-ssl.mzstatic.com/image/thumb/Music221/v4/75/a0/b9/75a0b93e-fc3b-a48f-5a81-538464f7d03c/881453743337_cover.jpg/55x55bb.png"", ""https://is1-ssl.mzstatic.com/image/thumb/Music221/v4/75/a0/b9/75a0b93e-fc3b-a48f-5a81-538464f7d03c/881453743337_cover.jpg/60x60bb.png"", ""https://is1-ssl.mzstatic.com/image/thumb/Music221/v4/75/a0/b9/75a0b93e-fc3b-a48f-5a81-538464f7d03c/881453743337_cover.jpg/170x170bb.png""), attributes.height = c(""55"", ""60"", ""170""))","list(attributes.rel = c(""alternate"", ""enclosure""), attributes.type = c(""text/html"", ""audio/x-m4a""), attributes.href = c(""https://music.apple.com/us/album/maybe/6805078438?i=6805078443&uo=2"", ""https://audio-ssl.itunes.apple.com/itunes-assets/AudioPreview211/v4/2d/35/a1/2d35a118-a474-23f7-898c-f3303cdaf101/mzaf_6757287333698381085.plus.aac.p.m4a""), attributes.title = c(NA, ""Preview""), `attributes.im:assetType` = c(NA, ""preview""), `im:duration.label` = c(NA, ""30000""))",NA,2026-09-30
25,"list(label = c(""https://is1-ssl.mzstatic.com/image/thumb/Music/37/fa/d1/mzi.ecmonpil.jpg/55x55bb.png"", ""https://is1-ssl.mzstatic.com/image/thumb/Music/37/fa/d1/mzi.ecmonpil.jpg/60x60bb.png"", ""https://is1-ssl.mzstatic.com/image/thumb/Music/37/fa/d1/mzi.ecmonpil.jpg/170x170bb.png""), attributes.height = c(""55"", ""60"", ""170""))","list(attributes.rel = c(""alternate"", ""enclosure""), attributes.type = c(""text/html"", ""audio/x-m4a""), attributes.href = c(""https://music.apple.com/us/album/9-to-5/282883573?i=282883590&uo=2"", ""https://audio-ssl.itunes.apple.com/itunes-assets/AudioPreview211/v4/71/83/42/7183429b-c504-9261-f5cb-5f41e3a532bc/mzaf_12589133056404920978.plus.aac.p.m4a""), attributes.title = c(NA, ""Preview""), `attributes.im:assetType` = c(NA, ""preview""), `im:duration.label` = c(NA, ""30000""))",NA,2026-09-30
26,"list(label = c(""https://is1-ssl.mzstatic.com/image/thumb/Music211/v4/26/35/03/26350323-d656-4817-49e6-4d658af8363a/196874332917.jpg/55x55bb.png"", ""https://is1-ssl.mzstatic.com/image/thumb/Music211/v4/26/35/03/26350323-d656-4817-49e6-4d658af8363a/196874332917.jpg/60x60bb.png"", ""https://is1-ssl.mzstatic.com/image/thumb/Music211/v4/26/35/03/26350323-d656-4817-49e6-4d658af8363a/196874332917.jpg/170x170bb.png""), attributes.height = c(""55"", ""60"", ""170""))","list(attributes.rel = c(""alternate"", ""enclosure""), attributes.type = c(""text/html"", ""audio/x-m4a""), attributes.href = c(""https://music.apple.com/us/album/be-her/1895159736?i=6763094072&uo=2"", ""https://audio-ssl.itunes.apple.com/itunes-assets/AudioPreview221/v4/91/05/09/9105094b-6f98-220b-1f10-c8ed13119483/mzaf_6688838074304676200.plus.aac.p.m4a""), attributes.title = c(NA, ""Preview""), `attributes.im:assetType` = c(NA, ""preview""), `im:duration.label` = c(NA, ""30000""))",NA,2026-09-30
27,"list(label = c(""https://is1-ssl.mzstatic.com/image/thumb/Music115/v4/42/35/fd/4235fd77-4e8f-f9da-291f-c611ea4f0871/00042284634625.rgb.jpg/55x55bb.png"", ""https://is1-ssl.mzstatic.com/image/thumb/Music115/v4/42/35/fd/4235fd77-4e8f-f9da-291f-c611ea4f0871/00042284634625.rgb.jpg/60x60bb.png"", ""https://is1-ssl.mzstatic.com/image/thumb/Music115/v4/42/35/fd/4235fd77-4e8f-f9da-291f-c611ea4f0871/00042284634625.rgb.jpg/170x170bb.png""), attributes.height = c(""55"", ""60"", ""170""))","list(attributes.rel = c(""alternate"", ""enclosure""), attributes.type = c(""text/html"", ""audio/x-m4a""), attributes.href = c(""https://music.apple.com/us/album/get-here/1443998239?i=1443998448&uo=2"", ""https://audio-ssl.itunes.apple.com/itunes-assets/AudioPreview221/v4/8f/8d/e3/8f8de383-16a4-6967-a243-4fb58bb0ed13/mzaf_14678642921085655303.plus.aac.p.m4a""), attributes.title = c(NA, ""Preview""), `attributes.im:assetType` = c(NA, ""preview""), `im:duration.label` = c(NA, ""30000""))",NA,2026-09-30
28,"list(label = c(""https://is1-ssl.mzstatic.com/image/thumb/Music221/v4/51/42/01/51420110-806a-86c5-7025-5016e5a2bd57/196873750729.jpg/55x55bb.png"", ""https://is1-ssl.mzstatic.com/image/thumb/Music221/v4/51/42/01/51420110-806a-86c5-7025-5016e5a2bd57/196873750729.jpg/60x60bb.png"", ""https://is1-ssl.mzstatic.com/image/thumb/Music221/v4/51/42/01/51420110-806a-86c5-7025-5016e5a2bd57/196873750729.jpg/170x170bb.png""), attributes.height = c(""55"", ""60"", ""170""))","list(attributes.rel = c(""alternate"", ""enclosure""), attributes.type = c(""text/html"", ""audio/x-m4a""), attributes.href = c(""https://music.apple.com/us/album/god-im-just-grateful/1848400227?i=1848400240&uo=2"", ""https://audio-ssl.itunes.apple.com/itunes-assets/AudioPreview221/v4/92/07/4c/92074ca4-7f88-7ed7-ae79-9950c7000969/mzaf_6849252024047969715.plus.aac.p.m4a""), attributes.title = c(NA, ""Preview""), `attributes.im:assetType` = c(NA, ""preview""), `im:duration.label` = c(NA, ""30000""))",NA,2026-09-30
29,"list(label = c(""https://is1-ssl.mzstatic.com/image/thumb/Music221/v4/4e/ed/3a/4eed3a01-4766-f854-19a2-55d325c4df17/artwork.jpg/55x55bb.png"", ""https://is1-ssl.mzstatic.com/image/thumb/Music221/v4/4e/ed/3a/4eed3a01-4766-f854-19a2-55d325c4df17/artwork.jpg/60x60bb.png"", ""https://is1-ssl.mzstatic.com/image/thumb/Music221/v4/4e/ed/3a/4eed3a01-4766-f854-19a2-55d325c4df17/artwork.jpg/170x170bb.png""), attributes.height = c(""55"", ""60"", ""170""))","list(attributes.rel = c(""alternate"", ""enclosure""), attributes.type = c(""text/html"", ""audio/x-m4a""), attributes.href = c(""https://music.apple.com/us/album/jesus-is-coming/6816205241?i=6816205242&uo=2"", ""https://audio-ssl.itunes.apple.com/itunes-assets/AudioPreview221/v4/86/19/a4/8619a4b3-be3d-5b3f-a096-0062b5916ba8/mzaf_16392985772859659739.plus.aac.p.m4a""), attributes.title = c(NA, ""Preview""), `attributes.im:assetType` = c(NA, ""preview""), `im:duration.label` = c(NA, ""30000""))",NA,2026-09-30
30,"list(label = c(""https://is1-ssl.mzstatic.com/image/thumb/Music211/v4/c5/5c/23/c55c23b1-1ced-b260-6f85-c475418cf4e6/24UM1IM28915.rgb.jpg/55x55bb.png"", ""https://is1-ssl.mzstatic.com/image/thumb/Music211/v4/c5/5c/23/c55c23b1-1ced-b260-6f85-c475418cf4e6/24UM1IM28915.rgb.jpg/60x60bb.png"", ""https://is1-ssl.mzstatic.com/image/thumb/Music211/v4/c5/5c/23/c55c23b1-1ced-b260-6f85-c475418cf4e6/24UM1IM28915.rgb.jpg/170x170bb.png""), attributes.height = c(""55"", ""60"", ""170""))","list(attributes.rel = c(""alternate"", ""enclosure""), attributes.type = c(""text/html"", ""audio/x-m4a""), attributes.href = c(""https://music.apple.com/us/album/stand-by-me-live-at-the-print-shop/1779968617?i=1779968618&uo=2"", ""https://audio-ssl.itunes.apple.com/itunes-assets/AudioPreview221/v4/d9/8c/b9/d98cb9a4-0a9a-9dd3-7d78-97d243addf69/mzaf_17376648680531320381.plus.aac.p.m4a""), attributes.title = c(NA, ""Preview""), `attributes.im:assetType` = c(NA, ""preview""), `im:duration.label` = c(NA, ""30000""))",NA,2026-09-30
31,"list(label = c(""https://is1-ssl.mzstatic.com/image/thumb/Music221/v4/26/a7/62/26a762fb-b712-0629-d24f-14a7296e8f9f/artwork.jpg/55x55bb.png"", ""https://is1-ssl.mzstatic.com/image/thumb/Music221/v4/26/a7/62/26a762fb-b712-0629-d24f-14a7296e8f9f/artwork.jpg/60x60bb.png"", ""https://is1-ssl.mzstatic.com/image/thumb/Music221/v4/26/a7/62/26a762fb-b712-0629-d24f-14a7296e8f9f/artwork.jpg/170x170bb.png""), attributes.height = c(""55"", ""60"", ""170""))","list(attributes.rel = c(""alternate"", ""enclosure""), attributes.type = c(""text/html"", ""audio/x-m4a""), attributes.href = c(""https://music.apple.com/us/album/god-didnt-let-me-break/6808644764?i=6808644765&uo=2"", ""https://audio-ssl.itunes.apple.com/itunes-assets/AudioPreview211/v4/ce/5b/8c/ce5b8cc7-6aa4-2981-f9d8-4db3c152a57b/mzaf_11226441772870571870.plus.aac.p.m4a""), attributes.title = c(NA, ""Preview""), `attributes.im:assetType` = c(NA, ""preview""), `im:duration.label` = c(NA, ""30000""))",NA,2026-09-30
32,"list(label = c(""https://is1-ssl.mzstatic.com/image/thumb/Music211/v4/e6/15/d2/e615d28f-70b5-e43a-b3c8-460dca39c9e5/26UMGIM97516.rgb.jpg/55x55bb.png"", ""https://is1-ssl.mzstatic.com/image/thumb/Music211/v4/e6/15/d2/e615d28f-70b5-e43a-b3c8-460dca39c9e5/26UMGIM97516.rgb.jpg/60x60bb.png"", ""https://is1-ssl.mzstatic.com/image/thumb/Music211/v4/e6/15/d2/e615d28f-70b5-e43a-b3c8-460dca39c9e5/26UMGIM97516.rgb.jpg/170x170bb.png""), attributes.height = c(""55"", ""60"", ""170""))","list(attributes.rel = c(""alternate"", ""enclosure""), attributes.type = c(""text/html"", ""audio/x-m4a""), attributes.href = c(""https://music.apple.com/us/album/babydoll/6794168372?i=6794168373&uo=2"", ""https://audio-ssl.itunes.apple.com/itunes-assets/AudioPreview221/v4/4c/0f/a6/4c0fa6ea-c3d4-cfe3-8ceb-11dfffb2f53b/mzaf_131464960054833274.plus.aac.p.m4a""), attributes.title = c(NA, ""Preview""), `attributes.im:assetType` = c(NA, ""preview""), `im:duration.label` = c(NA, ""30000""))",NA,2026-09-30
33,"list(label = c(""https://is1-ssl.mzstatic.com/image/thumb/Music211/v4/26/35/03/26350323-d656-4817-49e6-4d658af8363a/196874332917.jpg/55x55bb.png"", ""https://is1-ssl.mzstatic.com/image/thumb/Music211/v4/26/35/03/26350323-d656-4817-49e6-4d658af8363a/196874332917.jpg/60x60bb.png"", ""https://is1-ssl.mzstatic.com/image/thumb/Music211/v4/26/35/03/26350323-d656-4817-49e6-4d658af8363a/196874332917.jpg/170x170bb.png""), attributes.height = c(""55"", ""60"", ""170""))","list(attributes.rel = c(""alternate"", ""enclosure""), attributes.type = c(""text/html"", ""audio/x-m4a""), attributes.href = c(""https://music.apple.com/us/album/i-cant-love-you-anymore/1895159736?i=6763094377&uo=2"", ""https://audio-ssl.itunes.apple.com/itunes-assets/AudioPreview221/v4/1d/bf/35/1dbf3531-4434-a183-7552-4d8eba15e756/mzaf_17703032666608891166.plus.aac.p.m4a""), attributes.title = c(NA, ""Preview""), `attributes.im:assetType` = c(NA, ""preview""), `im:duration.label` = c(NA, ""30000""))",NA,2026-09-30
34,"list(label = c(""https://is1-ssl.mzstatic.com/image/thumb/Music221/v4/a9/79/dc/a979dc04-be66-92a4-60d5-5ce4dd7414b7/24BMR0005137.rgb.jpg/55x55bb.png"", ""https://is1-ssl.mzstatic.com/image/thumb/Music221/v4/a9/79/dc/a979dc04-be66-92a4-60d5-5ce4dd7414b7/24BMR0005137.rgb.jpg/60x60bb.png"", ""https://is1-ssl.mzstatic.com/image/thumb/Music221/v4/a9/79/dc/a979dc04-be66-92a4-60d5-5ce4dd7414b7/24BMR0005137.rgb.jpg/170x170bb.png""), attributes.height = c(""55"", ""60"", ""170""))","list(attributes.rel = c(""alternate"", ""enclosure""), attributes.type = c(""text/html"", ""audio/x-m4a""), attributes.href = c(""https://music.apple.com/us/album/worst-way/1736951246?i=1736951792&uo=2"", ""https://audio-ssl.itunes.apple.com/itunes-assets/AudioPreview221/v4/c1/b3/92/c1b392f5-6498-4b20-5adb-ab8c28d2e06b/mzaf_15006075300477439725.plus.aac.p.m4a""), attributes.title = c(NA, ""Preview""), `attributes.im:assetType` = c(NA, ""preview""), `im:duration.label` = c(NA, ""30000""))",NA,2026-09-30
35,"list(label = c(""https://is1-ssl.mzstatic.com/image/thumb/Music211/v4/c1/09/7e/c1097e38-0d2e-d389-2be7-0762979bb43a/ticket.easjqfbg.jpg/55x55bb.png"", ""https://is1-ssl.mzstatic.com/image/thumb/Music211/v4/c1/09/7e/c1097e38-0d2e-d389-2be7-0762979bb43a/ticket.easjqfbg.jpg/60x60bb.png"", ""https://is1-ssl.mzstatic.com/image/thumb/Music211/v4/c1/09/7e/c1097e38-0d2e-d389-2be7-0762979bb43a/ticket.easjqfbg.jpg/170x170bb.png""), attributes.height = c(""55"", ""60"", ""170""))","list(attributes.rel = c(""alternate"", ""enclosure""), attributes.type = c(""text/html"", ""audio/x-m4a""), attributes.href = c(""https://music.apple.com/us/album/jaded/6798042820?i=6798042825&uo=2"", ""https://audio-ssl.itunes.apple.com/itunes-assets/AudioPreview211/v4/94/f7/e2/94f7e2cc-b182-cb75-7a31-7e88eee2191e/mzaf_12920756836197900992.plus.aac.p.m4a""), attributes.title = c(NA, ""Preview""), `attributes.im:assetType` = c(NA, ""preview""), `im:duration.label` = c(NA, ""30000""))",NA,2026-09-30
36,"list(label = c(""https://is1-ssl.mzstatic.com/image/thumb/Music211/v4/98/80/95/98809581-4a0e-68a6-04de-b72492e35939/196871908191.jpg/55x55bb.png"", ""https://is1-ssl.mzstatic.com/image/thumb/Music211/v4/98/80/95/98809581-4a0e-68a6-04de-b72492e35939/196871908191.jpg/60x60bb.png"", ""https://is1-ssl.mzstatic.com/image/thumb/Music211/v4/98/80/95/98809581-4a0e-68a6-04de-b72492e35939/196871908191.jpg/170x170bb.png""), attributes.height = c(""55"", ""60"", ""170""))","list(attributes.rel = c(""alternate"", ""enclosure""), attributes.type = c(""text/html"", ""audio/x-m4a""), attributes.href = c(""https://music.apple.com/us/album/too-sweet/1735414393?i=1735414394&uo=2"", ""https://audio-ssl.itunes.apple.com/itunes-assets/AudioPreview221/v4/a6/61/fc/a661fcaf-f8e5-03db-36f3-31f2e196b1a5/mzaf_18300083713037280538.plus.aac.p.m4a""), attributes.title = c(NA, ""Preview""), `attributes.im:assetType` = c(NA, ""preview""), `im:duration.label` = c(NA, ""30000""))",NA,2026-09-30
37,"list(label = c(""https://is1-ssl.mzstatic.com/image/thumb/Music211/v4/19/6b/ac/196bac72-8c20-98c9-7fb4-5c66619cc0c3/26UMGIM93067.rgb.jpg/55x55bb.png"", ""https://is1-ssl.mzstatic.com/image/thumb/Music211/v4/19/6b/ac/196bac72-8c20-98c9-7fb4-5c66619cc0c3/26UMGIM93067.rgb.jpg/60x60bb.png"", ""https://is1-ssl.mzstatic.com/image/thumb/Music211/v4/19/6b/ac/196bac72-8c20-98c9-7fb4-5c66619cc0c3/26UMGIM93067.rgb.jpg/170x170bb.png""), attributes.height = c(""55"", ""60"", ""170""))","list(attributes.rel = c(""alternate"", ""enclosure""), attributes.type = c(""text/html"", ""audio/x-m4a""), attributes.href = c(""https://music.apple.com/us/album/street-of-dreams/6812412381?i=6812412667&uo=2"", ""https://audio-ssl.itunes.apple.com/itunes-assets/AudioPreview211/v4/82/fd/d9/82fdd99a-beae-d37a-cae2-ea3d9c149b61/mzaf_18418741231256215877.plus.aac.p.m4a""), attributes.title = c(NA, ""Preview""), `attributes.im:assetType` = c(NA, ""preview""), `im:duration.label` = c(NA, ""30000""))",NA,2026-09-30
38,"list(label = c(""https://is1-ssl.mzstatic.com/image/thumb/Music211/v4/ed/46/bf/ed46bf4e-7cb9-965a-54f3-03059977fe6c/075679589293.jpg/55x55bb.png"", ""https://is1-ssl.mzstatic.com/image/thumb/Music211/v4/ed/46/bf/ed46bf4e-7cb9-965a-54f3-03059977fe6c/075679589293.jpg/60x60bb.png"", ""https://is1-ssl.mzstatic.com/image/thumb/Music211/v4/ed/46/bf/ed46bf4e-7cb9-965a-54f3-03059977fe6c/075679589293.jpg/170x170bb.png""), attributes.height = c(""55"", ""60"", ""170""))","list(attributes.rel = c(""alternate"", ""enclosure""), attributes.type = c(""text/html"", ""audio/x-m4a""), attributes.href = c(""https://music.apple.com/us/album/risk-it-all/1866732792?i=1866732797&uo=2"", ""https://audio-ssl.itunes.apple.com/itunes-assets/AudioPreview221/v4/61/fc/d7/61fcd7e8-ea20-2f90-3672-09516cd050e6/mzaf_12696195794831485731.plus.aac.p.m4a""), attributes.title = c(NA, ""Preview""), `attributes.im:assetType` = c(NA, ""preview""), `im:duration.label` = c(NA, ""30000""))",NA,2026-09-30
39,"list(label = c(""https://is1-ssl.mzstatic.com/image/thumb/Music221/v4/2b/66/b2/2b66b26c-ab23-faa1-c4ee-06fa2cce8f76/26UM1IM00558.rgb.jpg/55x55bb.png"", ""https://is1-ssl.mzstatic.com/image/thumb/Music221/v4/2b/66/b2/2b66b26c-ab23-faa1-c4ee-06fa2cce8f76/26UM1IM00558.rgb.jpg/60x60bb.png"", ""https://is1-ssl.mzstatic.com/image/thumb/Music221/v4/2b/66/b2/2b66b26c-ab23-faa1-c4ee-06fa2cce8f76/26UM1IM00558.rgb.jpg/170x170bb.png""), attributes.height = c(""55"", ""60"", ""170""))","list(attributes.rel = c(""alternate"", ""enclosure""), attributes.type = c(""text/html"", ""audio/x-m4a""), attributes.href = c(""https://music.apple.com/us/album/bby-wow/6796864741?i=6796864754&uo=2"", ""https://audio-ssl.itunes.apple.com/itunes-assets/AudioPreview221/v4/f3/08/da/f308da3d-00cc-7682-7be9-87cb882f4ea5/mzaf_129115212197250565.plus.aac.p.m4a""), attributes.title = c(NA, ""Preview""), `attributes.im:assetType` = c(NA, ""preview""), `im:duration.label` = c(NA, ""30000""))",NA,2026-09-30
40,"list(label = c(""https://is1-ssl.mzstatic.com/image/thumb/Music211/v4/96/61/7a/96617ab5-51da-7cfc-97e5-c5a6a893c210/1087654.jpg/55x55bb.png"", ""https://is1-ssl.mzstatic.com/image/thumb/Music211/v4/96/61/7a/96617ab5-51da-7cfc-97e5-c5a6a893c210/1087654.jpg/60x60bb.png"", ""https://is1-ssl.mzstatic.com/image/thumb/Music211/v4/96/61/7a/96617ab5-51da-7cfc-97e5-c5a6a893c210/1087654.jpg/170x170bb.png""), attributes.height = c(""55"", ""60"", ""170""))","list(attributes.rel = c(""alternate"", ""enclosure""), attributes.type = c(""text/html"", ""audio/x-m4a""), attributes.href = c(""https://music.apple.com/us/album/movin-to-the-sun/6769069923?i=6769070199&uo=2"", ""https://audio-ssl.itunes.apple.com/itunes-assets/AudioPreview221/v4/a9/d2/09/a9d209b4-55a5-67e8-2e15-949cb00e716d/mzaf_11935934741751979581.plus.aac.p.m4a""), attributes.title = c(NA, ""Preview""), `attributes.im:assetType` = c(NA, ""preview""), `im:duration.label` = c(NA, ""30000""))",NA,2026-09-30
41,"list(label = c(""https://is1-ssl.mzstatic.com/image/thumb/Music211/v4/5d/66/3b/5d663b1f-dcc9-030d-0cf1-fc5d344d391d/886447618448.jpg/55x55bb.png"", ""https://is1-ssl.mzstatic.com/image/thumb/Music211/v4/5d/66/3b/5d663b1f-dcc9-030d-0cf1-fc5d344d391d/886447618448.jpg/60x60bb.png"", ""https://is1-ssl.mzstatic.com/image/thumb/Music211/v4/5d/66/3b/5d663b1f-dcc9-030d-0cf1-fc5d344d391d/886447618448.jpg/170x170bb.png""), attributes.height = c(""55"", ""60"", ""170""))","list(attributes.rel = c(""alternate"", ""enclosure""), attributes.type = c(""text/html"", ""audio/x-m4a""), attributes.href = c(""https://music.apple.com/us/album/september/1456444801?i=1456444818&uo=2"", ""https://audio-ssl.itunes.apple.com/itunes-assets/AudioPreview221/v4/77/93/c4/7793c4f4-a834-97f0-ec38-685e2d3d95d3/mzaf_4969122594945994096.plus.aac.p.m4a""), attributes.title = c(NA, ""Preview""), `attributes.im:assetType` = c(NA, ""preview""), `im:duration.label` = c(NA, ""30000""))",NA,2026-09-30
42,"list(label = c(""https://is1-ssl.mzstatic.com/image/thumb/Music221/v4/4b/ea/3e/4bea3e2d-5e58-73e3-8811-059771d892a1/26UM1IM17728.rgb.jpg/55x55bb.png"", ""https://is1-ssl.mzstatic.com/image/thumb/Music221/v4/4b/ea/3e/4bea3e2d-5e58-73e3-8811-059771d892a1/26UM1IM17728.rgb.jpg/60x60bb.png"", ""https://is1-ssl.mzstatic.com/image/thumb/Music221/v4/4b/ea/3e/4bea3e2d-5e58-73e3-8811-059771d892a1/26UM1IM17728.rgb.jpg/170x170bb.png""), attributes.height = c(""55"", ""60"", ""170""))","list(attributes.rel = c(""alternate"", ""enclosure""), attributes.type = c(""text/html"", ""audio/x-m4a""), attributes.href = c(""https://music.apple.com/us/album/this-time-feat-glorilla/6813692585?i=6813692595&uo=2"", ""https://audio-ssl.itunes.apple.com/itunes-assets/AudioPreview211/v4/d4/07/0c/d4070cbe-8dd4-6a64-1bff-84129dc0330a/mzaf_11640534109572915313.plus.aac.p.m4a""), attributes.title = c(NA, ""Preview""), `attributes.im:assetType` = c(NA, ""preview""), `im:duration.label` = c(NA, ""30000""))",NA,2026-09-30
43,"list(label = c(""https://is1-ssl.mzstatic.com/image/thumb/Music221/v4/08/e2/21/08e22164-7c0b-1522-818f-e0e74f62dc49/25UMGIM69703.rgb.jpg/55x55bb.png"", ""https://is1-ssl.mzstatic.com/image/thumb/Music221/v4/08/e2/21/08e22164-7c0b-1522-818f-e0e74f62dc49/25UMGIM69703.rgb.jpg/60x60bb.png"", ""https://is1-ssl.mzstatic.com/image/thumb/Music221/v4/08/e2/21/08e22164-7c0b-1522-818f-e0e74f62dc49/25UMGIM69703.rgb.jpg/170x170bb.png""), attributes.height = c(""55"", ""60"", ""170""))","list(attributes.rel = c(""alternate"", ""enclosure""), attributes.type = c(""text/html"", ""audio/x-m4a""), attributes.href = c(""https://music.apple.com/us/album/man-i-need/1817609404?i=1817609509&uo=2"", ""https://audio-ssl.itunes.apple.com/itunes-assets/AudioPreview221/v4/42/bb/5b/42bb5b21-2550-6205-bf3c-334b0e7d6199/mzaf_17462928687872215879.plus.aac.p.m4a""), attributes.title = c(NA, ""Preview""), `attributes.im:assetType` = c(NA, ""preview""), `im:duration.label` = c(NA, ""30000""))",NA,2026-09-30
44,"list(label = c(""https://is1-ssl.mzstatic.com/image/thumb/Music221/v4/a0/dd/fd/a0ddfd72-ee9e-f046-6466-a5dbefc696fa/26UM1IM21436.rgb.jpg/55x55bb.png"", ""https://is1-ssl.mzstatic.com/image/thumb/Music221/v4/a0/dd/fd/a0ddfd72-ee9e-f046-6466-a5dbefc696fa/26UM1IM21436.rgb.jpg/60x60bb.png"", ""https://is1-ssl.mzstatic.com/image/thumb/Music221/v4/a0/dd/fd/a0ddfd72-ee9e-f046-6466-a5dbefc696fa/26UM1IM21436.rgb.jpg/170x170bb.png""), attributes.height = c(""55"", ""60"", ""170""))","list(attributes.rel = c(""alternate"", ""enclosure""), attributes.type = c(""text/html"", ""audio/x-m4a""), attributes.href = c(""https://music.apple.com/us/album/opalite/6814997249?i=6814997409&uo=2"", ""https://audio-ssl.itunes.apple.com/itunes-assets/AudioPreview221/v4/14/7d/f5/147df55f-3720-dcfe-4e6f-c9b182f58695/mzaf_14172830644190074144.plus.aac.p.m4a""), attributes.title = c(NA, ""Preview""), `attributes.im:assetType` = c(NA, ""preview""), `im:duration.label` = c(NA, ""30000""))",NA,2026-09-30
45,"list(label = c(""https://is1-ssl.mzstatic.com/image/thumb/Music211/v4/c2/5a/9d/c25a9da9-18be-d367-6570-56307fcbc1f7/612891165418.jpg/55x55bb.png"", ""https://is1-ssl.mzstatic.com/image/thumb/Music211/v4/c2/5a/9d/c25a9da9-18be-d367-6570-56307fcbc1f7/612891165418.jpg/60x60bb.png"", ""https://is1-ssl.mzstatic.com/image/thumb/Music211/v4/c2/5a/9d/c25a9da9-18be-d367-6570-56307fcbc1f7/612891165418.jpg/170x170bb.png""), attributes.height = c(""55"", ""60"", ""170""))","list(attributes.rel = c(""alternate"", ""enclosure""), attributes.type = c(""text/html"", ""audio/x-m4a""), attributes.href = c(""https://music.apple.com/us/album/in-my-soul/6796089312?i=6796089314&uo=2"", ""https://audio-ssl.itunes.apple.com/itunes-assets/AudioPreview221/v4/64/82/81/6482812c-64bc-278c-06c2-f281db0f82c8/mzaf_10280266996872990832.plus.aac.p.m4a""), attributes.title = c(NA, ""Preview""), `attributes.im:assetType` = c(NA, ""preview""), `im:duration.label` = c(NA, ""30000""))",NA,2026-09-30
46,"list(label = c(""https://is1-ssl.mzstatic.com/image/thumb/Music211/v4/68/fe/0b/68fe0bdf-5e89-5fca-1952-7e44e8dddef0/artwork.jpg/55x55bb.png"", ""https://is1-ssl.mzstatic.com/image/thumb/Music211/v4/68/fe/0b/68fe0bdf-5e89-5fca-1952-7e44e8dddef0/artwork.jpg/60x60bb.png"", ""https://is1-ssl.mzstatic.com/image/thumb/Music211/v4/68/fe/0b/68fe0bdf-5e89-5fca-1952-7e44e8dddef0/artwork.jpg/170x170bb.png""), attributes.height = c(""55"", ""60"", ""170""))","list(attributes.rel = c(""alternate"", ""enclosure""), attributes.type = c(""text/html"", ""audio/x-m4a""), attributes.href = c(""https://music.apple.com/us/album/when-heaven-calls-me-home/6806300160?i=6806300161&uo=2"", ""https://audio-ssl.itunes.apple.com/itunes-assets/AudioPreview221/v4/0b/18/85/0b188592-3068-8145-9738-df2b8f2bef1b/mzaf_16641958280343600565.plus.aac.p.m4a""), attributes.title = c(NA, ""Preview""), `attributes.im:assetType` = c(NA, ""preview""), `im:duration.label` = c(NA, ""30000""))",NA,2026-09-30
47,"list(label = c(""https://is1-ssl.mzstatic.com/image/thumb/Music221/v4/7e/fb/0b/7efb0b1b-8e34-5bd0-99ee-eafc83b8d5c7/054391217349.jpg/55x55bb.png"", ""https://is1-ssl.mzstatic.com/image/thumb/Music221/v4/7e/fb/0b/7efb0b1b-8e34-5bd0-99ee-eafc83b8d5c7/054391217349.jpg/60x60bb.png"", ""https://is1-ssl.mzstatic.com/image/thumb/Music221/v4/7e/fb/0b/7efb0b1b-8e34-5bd0-99ee-eafc83b8d5c7/054391217349.jpg/170x170bb.png""), attributes.height = c(""55"", ""60"", ""170""))","list(attributes.rel = c(""alternate"", ""enclosure""), attributes.type = c(""text/html"", ""audio/x-m4a""), attributes.href = c(""https://music.apple.com/us/album/mr-know-it-all/1889361601?i=1889361602&uo=2"", ""https://audio-ssl.itunes.apple.com/itunes-assets/AudioPreview211/v4/8b/66/e2/8b66e2c2-73bb-1041-3e37-648c54eb0073/mzaf_10721864796995191648.plus.aac.p.m4a""), attributes.title = c(NA, ""Preview""), `attributes.im:assetType` = c(NA, ""preview""), `im:duration.label` = c(NA, ""30000""))",NA,2026-09-30
48,"list(label = c(""https://is1-ssl.mzstatic.com/image/thumb/Music221/v4/3f/7a/1e/3f7a1e92-4f8e-8b2f-9d70-ecf803124594/artwork.jpg/55x55bb.png"", ""https://is1-ssl.mzstatic.com/image/thumb/Music221/v4/3f/7a/1e/3f7a1e92-4f8e-8b2f-9d70-ecf803124594/artwork.jpg/60x60bb.png"", ""https://is1-ssl.mzstatic.com/image/thumb/Music221/v4/3f/7a/1e/3f7a1e92-4f8e-8b2f-9d70-ecf803124594/artwork.jpg/170x170bb.png""), attributes.height = c(""55"", ""60"", ""170""))","list(attributes.rel = c(""alternate"", ""enclosure""), attributes.type = c(""text/html"", ""audio/x-m4a""), attributes.href = c(""https://music.apple.com/us/album/resting-in-his-arms/6811572632?i=6811572633&uo=2"", ""https://audio-ssl.itunes.apple.com/itunes-assets/AudioPreview211/v4/54/83/f8/5483f8bd-bbbf-52a1-9128-32b884f50ee8/mzaf_15717733270388495699.plus.aac.p.m4a""), attributes.title = c(NA, ""Preview""), `attributes.im:assetType` = c(NA, ""preview""), `im:duration.label` = c(NA, ""30000""))",NA,2026-09-30
49,"list(label = c(""https://is1-ssl.mzstatic.com/image/thumb/Music211/v4/16/cf/71/16cf71b7-bda7-9916-3d11-3b60539ace2c/26BMR0008042.rgb.jpg/55x55bb.png"", ""https://is1-ssl.mzstatic.com/image/thumb/Music211/v4/16/cf/71/16cf71b7-bda7-9916-3d11-3b60539ace2c/26BMR0008042.rgb.jpg/60x60bb.png"", ""https://is1-ssl.mzstatic.com/image/thumb/Music211/v4/16/cf/71/16cf71b7-bda7-9916-3d11-3b60539ace2c/26BMR0008042.rgb.jpg/170x170bb.png""), attributes.height = c(""55"", ""60"", ""170""))","list(attributes.rel = c(""alternate"", ""enclosure""), attributes.type = c(""text/html"", ""audio/x-m4a""), attributes.href = c(""https://music.apple.com/us/album/think-as-you-drunk/6770725355?i=6770725979&uo=2"", ""https://audio-ssl.itunes.apple.com/itunes-assets/AudioPreview211/v4/5d/69/c3/5d69c3c4-41a0-de72-8000-7a02b3f23efa/mzaf_3384433737540977086.plus.aac.p.m4a""), attributes.title = c(NA, ""Preview""), `attributes.im:assetType` = c(NA, ""preview""), `im:duration.label` = c(NA, ""30000""))",NA,2026-09-30
50,"list(label = c(""https://is1-ssl.mzstatic.com/image/thumb/Music211/v4/a1/ba/64/a1ba6484-f462-1b88-ddff-d4c014d5f265/196874018361.jpg/55x55bb.png"", ""https://is1-ssl.mzstatic.com/image/thumb/Music211/v4/a1/ba/64/a1ba6484-f462-1b88-ddff-d4c014d5f265/196874018361.jpg/60x60bb.png"", ""https://is1-ssl.mzstatic.com/image/thumb/Music211/v4/a1/ba/64/a1ba6484-f462-1b88-ddff-d4c014d5f265/196874018361.jpg/170x170bb.png""), attributes.height = c(""55"", ""60"", ""170""))","list(attributes.rel = c(""alternate"", ""enclosure""), attributes.type = c(""text/html"", ""audio/x-m4a""), attributes.href = c(""https://music.apple.com/us/album/loving-life-again/1869436835?i=1869436847&uo=2"", ""https://audio-ssl.itunes.apple.com/itunes-assets/AudioPreview211/v4/cd/f7/c9/cdf7c910-e4c6-9828-c83a-9e7a215bb70c/mzaf_1496635585165093785.plus.aac.p.m4a""), attributes.title = c(NA, ""Preview""), `attributes.im:assetType` = c(NA, ""preview""), `im:duration.label` = c(NA, ""30000""))",NA,2026-09-30
