artist,track,lyrics
"list(attributes.rel = c(""alternate"", ""enclosure""), attributes.type = c(""text/html"", ""audio/x-m4a""), attributes.href = c(""https://music.apple.com/us/album/patient-zero/6814997249?i=6814997425&uo=2"", ""https://audio-ssl.itunes.apple.com/itunes-assets/AudioPreview211/v4/0b/be/8c/0bbe8c0a-dc77-af41-97a5-c745cc43d38c/mzaf_11790447166833591507.plus.aac.p.m4a""), attributes.title = c(NA, ""Preview""), `attributes.im:assetType` = c(NA, ""preview""), `im:duration.label` = c(NA, ""30000""))","list(label = c(""https://is1-ssl.mzstatic.com/image/thumb/Music221/v4/a0/dd/fd/a0ddfd72-ee9e-f046-6466-a5dbefc696fa/26UM1IM21436.rgb.jpg/55x55bb.png"", ""https://is1-ssl.mzstatic.com/image/thumb/Music221/v4/a0/dd/fd/a0ddfd72-ee9e-f046-6466-a5dbefc696fa/26UM1IM21436.rgb.jpg/60x60bb.png"", ""https://is1-ssl.mzstatic.com/image/thumb/Music221/v4/a0/dd/fd/a0ddfd72-ee9e-f046-6466-a5dbefc696fa/26UM1IM21436.rgb.jpg/170x170bb.png""), attributes.height = c(""55"", ""60"", ""170""))",NA
"list(attributes.rel = c(""alternate"", ""enclosure""), attributes.type = c(""text/html"", ""audio/x-m4a""), attributes.href = c(""https://music.apple.com/us/album/choosin-texas/1844932149?i=1844932150&uo=2"", ""https://audio-ssl.itunes.apple.com/itunes-assets/AudioPreview211/v4/38/49/4c/38494cb4-f9e0-1db4-0b84-8c478cb55390/mzaf_4251933786704889664.plus.aac.p.m4a""), attributes.title = c(NA, ""Preview""), `attributes.im:assetType` = c(NA, ""preview""), `im:duration.label` = c(NA, ""30000""))","list(label = c(""https://is1-ssl.mzstatic.com/image/thumb/Music221/v4/e2/91/4d/e2914d0a-7f1d-f04c-fbf4-c50b38548838/196873638690.jpg/55x55bb.png"", ""https://is1-ssl.mzstatic.com/image/thumb/Music221/v4/e2/91/4d/e2914d0a-7f1d-f04c-fbf4-c50b38548838/196873638690.jpg/60x60bb.png"", ""https://is1-ssl.mzstatic.com/image/thumb/Music221/v4/e2/91/4d/e2914d0a-7f1d-f04c-fbf4-c50b38548838/196873638690.jpg/170x170bb.png""), attributes.height = c(""55"", ""60"", ""170""))",NA
"list(attributes.rel = c(""alternate"", ""enclosure""), attributes.type = c(""text/html"", ""audio/x-m4a""), attributes.href = c(""https://music.apple.com/us/album/you-are-my-lady/714401363?i=714401905&uo=2"", ""https://audio-ssl.itunes.apple.com/itunes-assets/AudioPreview211/v4/a0/c4/ef/a0c4ef24-62b2-6ad2-a25e-fbc136dbe118/mzaf_17048220903210475631.plus.aac.p.m4a""), attributes.title = c(NA, ""Preview""), `attributes.im:assetType` = c(NA, ""preview""), `im:duration.label` = c(NA, ""30000""))","list(label = c(""https://is1-ssl.mzstatic.com/image/thumb/Music115/v4/23/45/1a/23451a51-b148-be12-a7c0-03b20aeabd76/00077774617055.jpg/55x55bb.png"", ""https://is1-ssl.mzstatic.com/image/thumb/Music115/v4/23/45/1a/23451a51-b148-be12-a7c0-03b20aeabd76/00077774617055.jpg/60x60bb.png"", ""https://is1-ssl.mzstatic.com/image/thumb/Music115/v4/23/45/1a/23451a51-b148-be12-a7c0-03b20aeabd76/00077774617055.jpg/170x170bb.png""), attributes.height = c(""55"", ""60"", ""170""))",NA
"list(attributes.rel = c(""alternate"", ""enclosure""), attributes.type = c(""text/html"", ""audio/x-m4a""), attributes.href = c(""https://music.apple.com/us/album/bad-times/1894224408?i=1894224409&uo=2"", ""https://audio-ssl.itunes.apple.com/itunes-assets/AudioPreview211/v4/79/6c/e9/796ce961-9c5b-8f48-dd6d-9ee1ff38dc58/mzaf_3288254996312096641.plus.aac.p.m4a""), attributes.title = c(NA, ""Preview""), `attributes.im:assetType` = c(NA, ""preview""), `im:duration.label` = c(NA, ""30000""))","list(label = c(""https://is1-ssl.mzstatic.com/image/thumb/Music211/v4/d5/ad/da/d5adda6b-65f4-755a-05ab-f33a4e0e4cdd/artwork.jpg/55x55bb.png"", ""https://is1-ssl.mzstatic.com/image/thumb/Music211/v4/d5/ad/da/d5adda6b-65f4-755a-05ab-f33a4e0e4cdd/artwork.jpg/60x60bb.png"", ""https://is1-ssl.mzstatic.com/image/thumb/Music211/v4/d5/ad/da/d5adda6b-65f4-755a-05ab-f33a4e0e4cdd/artwork.jpg/170x170bb.png""), attributes.height = c(""55"", ""60"", ""170""))",NA
"list(attributes.rel = c(""alternate"", ""enclosure""), attributes.type = c(""text/html"", ""audio/x-m4a""), attributes.href = c(""https://music.apple.com/us/album/rock-me-tonight-for-old-times-sake/714401363?i=714402070&uo=2"", ""https://audio-ssl.itunes.apple.com/itunes-assets/AudioPreview221/v4/fb/96/c1/fb96c1cf-9024-65ed-bc88-18d9e014092a/mzaf_4297484288672612394.plus.aac.p.m4a""), attributes.title = c(NA, ""Preview""), `attributes.im:assetType` = c(NA, ""preview""), `im:duration.label` = c(NA, ""30000""))","list(label = c(""https://is1-ssl.mzstatic.com/image/thumb/Music115/v4/23/45/1a/23451a51-b148-be12-a7c0-03b20aeabd76/00077774617055.jpg/55x55bb.png"", ""https://is1-ssl.mzstatic.com/image/thumb/Music115/v4/23/45/1a/23451a51-b148-be12-a7c0-03b20aeabd76/00077774617055.jpg/60x60bb.png"", ""https://is1-ssl.mzstatic.com/image/thumb/Music115/v4/23/45/1a/23451a51-b148-be12-a7c0-03b20aeabd76/00077774617055.jpg/170x170bb.png""), attributes.height = c(""55"", ""60"", ""170""))",NA
"list(attributes.rel = c(""alternate"", ""enclosure""), attributes.type = c(""text/html"", ""audio/x-m4a""), attributes.href = c(""https://music.apple.com/us/album/last-thing-you-need/6812476961?i=6812477290&uo=2"", ""https://audio-ssl.itunes.apple.com/itunes-assets/AudioPreview211/v4/7f/98/3c/7f983c2f-9eb3-7089-b929-8c64b23fb29f/mzaf_5346668167578705013.plus.aac.p.m4a""), attributes.title = c(NA, ""Preview""), `attributes.im:assetType` = c(NA, ""preview""), `im:duration.label` = c(NA, ""30000""))","list(label = c(""https://is1-ssl.mzstatic.com/image/thumb/Music221/v4/5d/d3/1c/5dd31c9c-1e1c-0bbc-104f-4a42e2bb4c59/075679556424.jpg/55x55bb.png"", ""https://is1-ssl.mzstatic.com/image/thumb/Music221/v4/5d/d3/1c/5dd31c9c-1e1c-0bbc-104f-4a42e2bb4c59/075679556424.jpg/60x60bb.png"", ""https://is1-ssl.mzstatic.com/image/thumb/Music221/v4/5d/d3/1c/5dd31c9c-1e1c-0bbc-104f-4a42e2bb4c59/075679556424.jpg/170x170bb.png""), attributes.height = c(""55"", ""60"", ""170""))",NA
"list(attributes.rel = c(""alternate"", ""enclosure""), attributes.type = c(""text/html"", ""audio/x-m4a""), attributes.href = c(""https://music.apple.com/us/album/bad-times-extended-version/1890913668?i=1890913669&uo=2"", ""https://audio-ssl.itunes.apple.com/itunes-assets/AudioPreview221/v4/cf/fc/38/cffc38e7-ccf6-499a-2a93-eb98de0d936b/mzaf_3294710183099291572.plus.aac.p.m4a""), attributes.title = c(NA, ""Preview""), `attributes.im:assetType` = c(NA, ""preview""), `im:duration.label` = c(NA, ""30000""))","list(label = c(""https://is1-ssl.mzstatic.com/image/thumb/Music211/v4/08/03/7f/08037f7d-6173-9348-991d-5966f0686539/artwork.jpg/55x55bb.png"", ""https://is1-ssl.mzstatic.com/image/thumb/Music211/v4/08/03/7f/08037f7d-6173-9348-991d-5966f0686539/artwork.jpg/60x60bb.png"", ""https://is1-ssl.mzstatic.com/image/thumb/Music211/v4/08/03/7f/08037f7d-6173-9348-991d-5966f0686539/artwork.jpg/170x170bb.png""), attributes.height = c(""55"", ""60"", ""170""))",NA
"list(attributes.rel = c(""alternate"", ""enclosure""), attributes.type = c(""text/html"", ""audio/x-m4a""), attributes.href = c(""https://music.apple.com/us/album/cleveland/6814997249?i=6814997427&uo=2"", ""https://audio-ssl.itunes.apple.com/itunes-assets/AudioPreview221/v4/39/42/5b/39425b91-27b1-4b37-2f57-6f704fa5d8a6/mzaf_158326623628930700.plus.aac.p.m4a""), attributes.title = c(NA, ""Preview""), `attributes.im:assetType` = c(NA, ""preview""), `im:duration.label` = c(NA, ""30000""))","list(label = c(""https://is1-ssl.mzstatic.com/image/thumb/Music221/v4/a0/dd/fd/a0ddfd72-ee9e-f046-6466-a5dbefc696fa/26UM1IM21436.rgb.jpg/55x55bb.png"", ""https://is1-ssl.mzstatic.com/image/thumb/Music221/v4/a0/dd/fd/a0ddfd72-ee9e-f046-6466-a5dbefc696fa/26UM1IM21436.rgb.jpg/60x60bb.png"", ""https://is1-ssl.mzstatic.com/image/thumb/Music221/v4/a0/dd/fd/a0ddfd72-ee9e-f046-6466-a5dbefc696fa/26UM1IM21436.rgb.jpg/170x170bb.png""), attributes.height = c(""55"", ""60"", ""170""))",NA
"list(attributes.rel = c(""alternate"", ""enclosure""), attributes.type = c(""text/html"", ""audio/x-m4a""), attributes.href = c(""https://music.apple.com/us/album/babylon/6814997249?i=6814997429&uo=2"", ""https://audio-ssl.itunes.apple.com/itunes-assets/AudioPreview221/v4/58/f2/54/58f254a3-25aa-0542-bf46-4627c8f2e06b/mzaf_5527018976386911832.plus.aac.p.m4a""), attributes.title = c(NA, ""Preview""), `attributes.im:assetType` = c(NA, ""preview""), `im:duration.label` = c(NA, ""30000""))","list(label = c(""https://is1-ssl.mzstatic.com/image/thumb/Music221/v4/a0/dd/fd/a0ddfd72-ee9e-f046-6466-a5dbefc696fa/26UM1IM21436.rgb.jpg/55x55bb.png"", ""https://is1-ssl.mzstatic.com/image/thumb/Music221/v4/a0/dd/fd/a0ddfd72-ee9e-f046-6466-a5dbefc696fa/26UM1IM21436.rgb.jpg/60x60bb.png"", ""https://is1-ssl.mzstatic.com/image/thumb/Music221/v4/a0/dd/fd/a0ddfd72-ee9e-f046-6466-a5dbefc696fa/26UM1IM21436.rgb.jpg/170x170bb.png""), attributes.height = c(""55"", ""60"", ""170""))",NA
"list(attributes.rel = c(""alternate"", ""enclosure""), attributes.type = c(""text/html"", ""audio/x-m4a""), attributes.href = c(""https://music.apple.com/us/album/dont-mind-if-i-do-feat-ella-langley/1763685022?i=1763685182&uo=2"", ""https://audio-ssl.itunes.apple.com/itunes-assets/AudioPreview211/v4/88/96/4b/88964ba3-344f-48fa-d2c9-a2ab1421511a/mzaf_3619284133913526200.plus.aac.p.m4a""), attributes.title = c(NA, ""Preview""), `attributes.im:assetType` = c(NA, ""preview""), `im:duration.label` = c(NA, ""30000""))","list(label = c(""https://is1-ssl.mzstatic.com/image/thumb/Music211/v4/25/fb/18/25fb1804-5862-1936-9d98-d8e7b5513413/24BMR0005677.rgb.jpg/55x55bb.png"", ""https://is1-ssl.mzstatic.com/image/thumb/Music211/v4/25/fb/18/25fb1804-5862-1936-9d98-d8e7b5513413/24BMR0005677.rgb.jpg/60x60bb.png"", ""https://is1-ssl.mzstatic.com/image/thumb/Music211/v4/25/fb/18/25fb1804-5862-1936-9d98-d8e7b5513413/24BMR0005677.rgb.jpg/170x170bb.png""), attributes.height = c(""55"", ""60"", ""170""))",NA
"list(attributes.rel = c(""alternate"", ""enclosure""), attributes.type = c(""text/html"", ""audio/x-m4a""), attributes.href = c(""https://music.apple.com/us/album/pink-clouding/6814997249?i=6814997428&uo=2"", ""https://audio-ssl.itunes.apple.com/itunes-assets/AudioPreview221/v4/1e/88/d5/1e88d560-253f-3fa2-87a0-2f83b9681948/mzaf_11928544907491655022.plus.aac.p.m4a""), attributes.title = c(NA, ""Preview""), `attributes.im:assetType` = c(NA, ""preview""), `im:duration.label` = c(NA, ""30000""))","list(label = c(""https://is1-ssl.mzstatic.com/image/thumb/Music221/v4/a0/dd/fd/a0ddfd72-ee9e-f046-6466-a5dbefc696fa/26UM1IM21436.rgb.jpg/55x55bb.png"", ""https://is1-ssl.mzstatic.com/image/thumb/Music221/v4/a0/dd/fd/a0ddfd72-ee9e-f046-6466-a5dbefc696fa/26UM1IM21436.rgb.jpg/60x60bb.png"", ""https://is1-ssl.mzstatic.com/image/thumb/Music221/v4/a0/dd/fd/a0ddfd72-ee9e-f046-6466-a5dbefc696fa/26UM1IM21436.rgb.jpg/170x170bb.png""), attributes.height = c(""55"", ""60"", ""170""))",NA
"list(attributes.rel = c(""alternate"", ""enclosure""), attributes.type = c(""text/html"", ""audio/x-m4a""), attributes.href = c(""https://music.apple.com/us/album/boston/1884403092?i=1884403093&uo=2"", ""https://audio-ssl.itunes.apple.com/itunes-assets/AudioPreview221/v4/44/0f/c5/440fc55c-cd76-7620-e6f8-b261df255ac0/mzaf_16427196732428704455.plus.aac.p.m4a""), attributes.title = c(NA, ""Preview""), `attributes.im:assetType` = c(NA, ""preview""), `im:duration.label` = c(NA, ""30000""))","list(label = c(""https://is1-ssl.mzstatic.com/image/thumb/Music211/v4/7c/de/5e/7cde5e7a-612d-9714-d34c-1eb234c85ebb/810129961546.jpg/55x55bb.png"", ""https://is1-ssl.mzstatic.com/image/thumb/Music211/v4/7c/de/5e/7cde5e7a-612d-9714-d34c-1eb234c85ebb/810129961546.jpg/60x60bb.png"", ""https://is1-ssl.mzstatic.com/image/thumb/Music211/v4/7c/de/5e/7cde5e7a-612d-9714-d34c-1eb234c85ebb/810129961546.jpg/170x170bb.png""), attributes.height = c(""55"", ""60"", ""170""))",NA
"list(attributes.rel = c(""alternate"", ""enclosure""), attributes.type = c(""text/html"", ""audio/x-m4a""), attributes.href = c(""https://music.apple.com/us/album/in-my-soul/6796089312?i=6796089314&uo=2"", ""https://audio-ssl.itunes.apple.com/itunes-assets/AudioPreview221/v4/64/82/81/6482812c-64bc-278c-06c2-f281db0f82c8/mzaf_10280266996872990832.plus.aac.p.m4a""), attributes.title = c(NA, ""Preview""), `attributes.im:assetType` = c(NA, ""preview""), `im:duration.label` = c(NA, ""30000""))","list(label = c(""https://is1-ssl.mzstatic.com/image/thumb/Music211/v4/c2/5a/9d/c25a9da9-18be-d367-6570-56307fcbc1f7/612891165418.jpg/55x55bb.png"", ""https://is1-ssl.mzstatic.com/image/thumb/Music211/v4/c2/5a/9d/c25a9da9-18be-d367-6570-56307fcbc1f7/612891165418.jpg/60x60bb.png"", ""https://is1-ssl.mzstatic.com/image/thumb/Music211/v4/c2/5a/9d/c25a9da9-18be-d367-6570-56307fcbc1f7/612891165418.jpg/170x170bb.png""), attributes.height = c(""55"", ""60"", ""170""))",NA
"list(attributes.rel = c(""alternate"", ""enclosure""), attributes.type = c(""text/html"", ""audio/x-m4a""), attributes.href = c(""https://music.apple.com/us/album/my-way/1892083036?i=1892083308&uo=2"", ""https://audio-ssl.itunes.apple.com/itunes-assets/AudioPreview221/v4/d6/56/b8/d656b8e9-28a5-5313-28d3-06282cb7da64/mzaf_8128067240056507632.plus.aac.p.m4a""), attributes.title = c(NA, ""Preview""), `attributes.im:assetType` = c(NA, ""preview""), `im:duration.label` = c(NA, ""30000""))","list(label = c(""https://is1-ssl.mzstatic.com/image/thumb/Music221/v4/74/60/09/74600943-c67a-5335-4f8c-bad8b3e5d2a8/26BMR0007851.rgb.jpg/55x55bb.png"", ""https://is1-ssl.mzstatic.com/image/thumb/Music221/v4/74/60/09/74600943-c67a-5335-4f8c-bad8b3e5d2a8/26BMR0007851.rgb.jpg/60x60bb.png"", ""https://is1-ssl.mzstatic.com/image/thumb/Music221/v4/74/60/09/74600943-c67a-5335-4f8c-bad8b3e5d2a8/26BMR0007851.rgb.jpg/170x170bb.png""), attributes.height = c(""55"", ""60"", ""170""))",NA
"list(attributes.rel = c(""alternate"", ""enclosure""), attributes.type = c(""text/html"", ""audio/x-m4a""), attributes.href = c(""https://music.apple.com/us/album/babydoll/6794168372?i=6794168373&uo=2"", ""https://audio-ssl.itunes.apple.com/itunes-assets/AudioPreview221/v4/4c/0f/a6/4c0fa6ea-c3d4-cfe3-8ceb-11dfffb2f53b/mzaf_131464960054833274.plus.aac.p.m4a""), attributes.title = c(NA, ""Preview""), `attributes.im:assetType` = c(NA, ""preview""), `im:duration.label` = c(NA, ""30000""))","list(label = c(""https://is1-ssl.mzstatic.com/image/thumb/Music211/v4/e6/15/d2/e615d28f-70b5-e43a-b3c8-460dca39c9e5/26UMGIM97516.rgb.jpg/55x55bb.png"", ""https://is1-ssl.mzstatic.com/image/thumb/Music211/v4/e6/15/d2/e615d28f-70b5-e43a-b3c8-460dca39c9e5/26UMGIM97516.rgb.jpg/60x60bb.png"", ""https://is1-ssl.mzstatic.com/image/thumb/Music211/v4/e6/15/d2/e615d28f-70b5-e43a-b3c8-460dca39c9e5/26UMGIM97516.rgb.jpg/170x170bb.png""), attributes.height = c(""55"", ""60"", ""170""))",NA
"list(attributes.rel = c(""alternate"", ""enclosure""), attributes.type = c(""text/html"", ""audio/x-m4a""), attributes.href = c(""https://music.apple.com/us/album/james-1-17-jesus-is-king/6817176369?i=6817176370&uo=2"", ""https://audio-ssl.itunes.apple.com/itunes-assets/AudioPreview211/v4/98/ea/22/98ea2259-3050-d6a7-f798-53a97c202e29/mzaf_8428970547043576673.plus.aac.p.m4a""), attributes.title = c(NA, ""Preview""), `attributes.im:assetType` = c(NA, ""preview""), `im:duration.label` = c(NA, ""30000""))","list(label = c(""https://is1-ssl.mzstatic.com/image/thumb/Music211/v4/59/85/ba/5985bac6-e377-7f56-c62c-52f397b3b1a9/artwork.jpg/55x55bb.png"", ""https://is1-ssl.mzstatic.com/image/thumb/Music211/v4/59/85/ba/5985bac6-e377-7f56-c62c-52f397b3b1a9/artwork.jpg/60x60bb.png"", ""https://is1-ssl.mzstatic.com/image/thumb/Music211/v4/59/85/ba/5985bac6-e377-7f56-c62c-52f397b3b1a9/artwork.jpg/170x170bb.png""), attributes.height = c(""55"", ""60"", ""170""))",NA
"list(attributes.rel = c(""alternate"", ""enclosure""), attributes.type = c(""text/html"", ""audio/x-m4a""), attributes.href = c(""https://music.apple.com/us/album/mama-dont-close-your-eyes/6812292915?i=6812292916&uo=2"", ""https://audio-ssl.itunes.apple.com/itunes-assets/AudioPreview221/v4/94/2a/ae/942aae1b-16ec-7de9-4a1a-247e06ab8e5b/mzaf_13001702980669412928.plus.aac.p.m4a""), attributes.title = c(NA, ""Preview""), `attributes.im:assetType` = c(NA, ""preview""), `im:duration.label` = c(NA, ""30000""))","list(label = c(""https://is1-ssl.mzstatic.com/image/thumb/Music211/v4/05/71/cf/0571cf88-b7fc-b762-d646-8a4b3a598953/artwork.jpg/55x55bb.png"", ""https://is1-ssl.mzstatic.com/image/thumb/Music211/v4/05/71/cf/0571cf88-b7fc-b762-d646-8a4b3a598953/artwork.jpg/60x60bb.png"", ""https://is1-ssl.mzstatic.com/image/thumb/Music211/v4/05/71/cf/0571cf88-b7fc-b762-d646-8a4b3a598953/artwork.jpg/170x170bb.png""), attributes.height = c(""55"", ""60"", ""170""))",NA
"list(attributes.rel = c(""alternate"", ""enclosure""), attributes.type = c(""text/html"", ""audio/x-m4a""), attributes.href = c(""https://music.apple.com/us/album/have-you-ever-loved-somebody/714406069?i=714406110&uo=2"", ""https://audio-ssl.itunes.apple.com/itunes-assets/AudioPreview211/v4/8d/af/c1/8dafc179-5d64-94af-1508-6fa2c3eb4f78/mzaf_9217519435467882401.plus.aac.p.m4a""), attributes.title = c(NA, ""Preview""), `attributes.im:assetType` = c(NA, ""preview""), `im:duration.label` = c(NA, ""30000""))","list(label = c(""https://is1-ssl.mzstatic.com/image/thumb/Music124/v4/2c/d9/5d/2cd95d52-b9b1-c2cb-957f-9dabf19d4ece/00077774632553.jpg/55x55bb.png"", ""https://is1-ssl.mzstatic.com/image/thumb/Music124/v4/2c/d9/5d/2cd95d52-b9b1-c2cb-957f-9dabf19d4ece/00077774632553.jpg/60x60bb.png"", ""https://is1-ssl.mzstatic.com/image/thumb/Music124/v4/2c/d9/5d/2cd95d52-b9b1-c2cb-957f-9dabf19d4ece/00077774632553.jpg/170x170bb.png""), attributes.height = c(""55"", ""60"", ""170""))",NA
"list(attributes.rel = c(""alternate"", ""enclosure""), attributes.type = c(""text/html"", ""audio/x-m4a""), attributes.href = c(""https://music.apple.com/us/album/been-by-now/6792676858?i=6792676860&uo=2"", ""https://audio-ssl.itunes.apple.com/itunes-assets/AudioPreview221/v4/d4/8e/e7/d48ee7e8-0c76-ca27-7222-aa4d2b048dc2/mzaf_11704984347411785772.plus.aac.p.m4a""), attributes.title = c(NA, ""Preview""), `attributes.im:assetType` = c(NA, ""preview""), `im:duration.label` = c(NA, ""30000""))","list(label = c(""https://is1-ssl.mzstatic.com/image/thumb/Music221/v4/9f/8d/52/9f8d52a0-b6d9-d038-327b-4fe58bedce67/26UMGIM94572.rgb.jpg/55x55bb.png"", ""https://is1-ssl.mzstatic.com/image/thumb/Music221/v4/9f/8d/52/9f8d52a0-b6d9-d038-327b-4fe58bedce67/26UMGIM94572.rgb.jpg/60x60bb.png"", ""https://is1-ssl.mzstatic.com/image/thumb/Music221/v4/9f/8d/52/9f8d52a0-b6d9-d038-327b-4fe58bedce67/26UMGIM94572.rgb.jpg/170x170bb.png""), attributes.height = c(""55"", ""60"", ""170""))",NA
"list(attributes.rel = c(""alternate"", ""enclosure""), attributes.type = c(""text/html"", ""audio/x-m4a""), attributes.href = c(""https://music.apple.com/us/album/draw-you-out/6814870921?i=6814871229&uo=2"", ""https://audio-ssl.itunes.apple.com/itunes-assets/AudioPreview221/v4/d8/cc/02/d8cc0258-b260-47d9-fa81-c6493fed86a4/mzaf_17247647537135624103.plus.aac.p.m4a""), attributes.title = c(NA, ""Preview""), `attributes.im:assetType` = c(NA, ""preview""), `im:duration.label` = c(NA, ""30000""))","list(label = c(""https://is1-ssl.mzstatic.com/image/thumb/Music221/v4/de/a0/db/dea0db01-b9a7-173e-ccb2-c07c31f634bb/26UM1IM10359.rgb.jpg/55x55bb.png"", ""https://is1-ssl.mzstatic.com/image/thumb/Music221/v4/de/a0/db/dea0db01-b9a7-173e-ccb2-c07c31f634bb/26UM1IM10359.rgb.jpg/60x60bb.png"", ""https://is1-ssl.mzstatic.com/image/thumb/Music221/v4/de/a0/db/dea0db01-b9a7-173e-ccb2-c07c31f634bb/26UM1IM10359.rgb.jpg/170x170bb.png""), attributes.height = c(""55"", ""60"", ""170""))",NA
"list(attributes.rel = c(""alternate"", ""enclosure""), attributes.type = c(""text/html"", ""audio/x-m4a""), attributes.href = c(""https://music.apple.com/us/album/bby-wow/6796864741?i=6796864754&uo=2"", ""https://audio-ssl.itunes.apple.com/itunes-assets/AudioPreview221/v4/f3/08/da/f308da3d-00cc-7682-7be9-87cb882f4ea5/mzaf_129115212197250565.plus.aac.p.m4a""), attributes.title = c(NA, ""Preview""), `attributes.im:assetType` = c(NA, ""preview""), `im:duration.label` = c(NA, ""30000""))","list(label = c(""https://is1-ssl.mzstatic.com/image/thumb/Music221/v4/2b/66/b2/2b66b26c-ab23-faa1-c4ee-06fa2cce8f76/26UM1IM00558.rgb.jpg/55x55bb.png"", ""https://is1-ssl.mzstatic.com/image/thumb/Music221/v4/2b/66/b2/2b66b26c-ab23-faa1-c4ee-06fa2cce8f76/26UM1IM00558.rgb.jpg/60x60bb.png"", ""https://is1-ssl.mzstatic.com/image/thumb/Music221/v4/2b/66/b2/2b66b26c-ab23-faa1-c4ee-06fa2cce8f76/26UM1IM00558.rgb.jpg/170x170bb.png""), attributes.height = c(""55"", ""60"", ""170""))",NA
"list(attributes.rel = c(""alternate"", ""enclosure""), attributes.type = c(""text/html"", ""audio/x-m4a""), attributes.href = c(""https://music.apple.com/us/album/jam-tonight/714406069?i=714406132&uo=2"", ""https://audio-ssl.itunes.apple.com/itunes-assets/AudioPreview211/v4/87/27/2f/87272f3e-8f72-546b-f3c6-9c54e62232fc/mzaf_12820668291069508291.plus.aac.p.m4a""), attributes.title = c(NA, ""Preview""), `attributes.im:assetType` = c(NA, ""preview""), `im:duration.label` = c(NA, ""30000""))","list(label = c(""https://is1-ssl.mzstatic.com/image/thumb/Music124/v4/2c/d9/5d/2cd95d52-b9b1-c2cb-957f-9dabf19d4ece/00077774632553.jpg/55x55bb.png"", ""https://is1-ssl.mzstatic.com/image/thumb/Music124/v4/2c/d9/5d/2cd95d52-b9b1-c2cb-957f-9dabf19d4ece/00077774632553.jpg/60x60bb.png"", ""https://is1-ssl.mzstatic.com/image/thumb/Music124/v4/2c/d9/5d/2cd95d52-b9b1-c2cb-957f-9dabf19d4ece/00077774632553.jpg/170x170bb.png""), attributes.height = c(""55"", ""60"", ""170""))",NA
"list(attributes.rel = c(""alternate"", ""enclosure""), attributes.type = c(""text/html"", ""audio/x-m4a""), attributes.href = c(""https://music.apple.com/us/album/you-look-like-you-love-me/1749121114?i=1749121123&uo=2"", ""https://audio-ssl.itunes.apple.com/itunes-assets/AudioPreview211/v4/14/f6/be/14f6bec3-f232-2211-042c-743d933c9c02/mzaf_7434264055963505924.plus.aac.p.m4a""), attributes.title = c(NA, ""Preview""), `attributes.im:assetType` = c(NA, ""preview""), `im:duration.label` = c(NA, ""30000""))","list(label = c(""https://is1-ssl.mzstatic.com/image/thumb/Music221/v4/62/33/40/62334080-6129-4d0c-086b-921cc956cb7a/196872090895.jpg/55x55bb.png"", ""https://is1-ssl.mzstatic.com/image/thumb/Music221/v4/62/33/40/62334080-6129-4d0c-086b-921cc956cb7a/196872090895.jpg/60x60bb.png"", ""https://is1-ssl.mzstatic.com/image/thumb/Music221/v4/62/33/40/62334080-6129-4d0c-086b-921cc956cb7a/196872090895.jpg/170x170bb.png""), attributes.height = c(""55"", ""60"", ""170""))",NA
"list(attributes.rel = c(""alternate"", ""enclosure""), attributes.type = c(""text/html"", ""audio/x-m4a""), attributes.href = c(""https://music.apple.com/us/album/risk-it-all/1866732792?i=1866732797&uo=2"", ""https://audio-ssl.itunes.apple.com/itunes-assets/AudioPreview221/v4/61/fc/d7/61fcd7e8-ea20-2f90-3672-09516cd050e6/mzaf_12696195794831485731.plus.aac.p.m4a""), attributes.title = c(NA, ""Preview""), `attributes.im:assetType` = c(NA, ""preview""), `im:duration.label` = c(NA, ""30000""))","list(label = c(""https://is1-ssl.mzstatic.com/image/thumb/Music211/v4/ed/46/bf/ed46bf4e-7cb9-965a-54f3-03059977fe6c/075679589293.jpg/55x55bb.png"", ""https://is1-ssl.mzstatic.com/image/thumb/Music211/v4/ed/46/bf/ed46bf4e-7cb9-965a-54f3-03059977fe6c/075679589293.jpg/60x60bb.png"", ""https://is1-ssl.mzstatic.com/image/thumb/Music211/v4/ed/46/bf/ed46bf4e-7cb9-965a-54f3-03059977fe6c/075679589293.jpg/170x170bb.png""), attributes.height = c(""55"", ""60"", ""170""))",NA
"list(attributes.rel = c(""alternate"", ""enclosure""), attributes.type = c(""text/html"", ""audio/x-m4a""), attributes.href = c(""https://music.apple.com/us/album/i-did-it-tired/6777552869?i=6777552871&uo=2"", ""https://audio-ssl.itunes.apple.com/itunes-assets/AudioPreview221/v4/4a/56/08/4a560811-a602-6740-ac36-430097a3f196/mzaf_14024246248573843144.plus.aac.p.m4a""), attributes.title = c(NA, ""Preview""), `attributes.im:assetType` = c(NA, ""preview""), `im:duration.label` = c(NA, ""30000""))","list(label = c(""https://is1-ssl.mzstatic.com/image/thumb/Music221/v4/6c/fd/c5/6cfdc554-120d-c093-2a7a-1dc0b09abfd7/artwork.jpg/55x55bb.png"", ""https://is1-ssl.mzstatic.com/image/thumb/Music221/v4/6c/fd/c5/6cfdc554-120d-c093-2a7a-1dc0b09abfd7/artwork.jpg/60x60bb.png"", ""https://is1-ssl.mzstatic.com/image/thumb/Music221/v4/6c/fd/c5/6cfdc554-120d-c093-2a7a-1dc0b09abfd7/artwork.jpg/170x170bb.png""), attributes.height = c(""55"", ""60"", ""170""))",NA
"list(attributes.rel = c(""alternate"", ""enclosure""), attributes.type = c(""text/html"", ""audio/x-m4a""), attributes.href = c(""https://music.apple.com/us/album/god-im-just-grateful/1848400227?i=1848400240&uo=2"", ""https://audio-ssl.itunes.apple.com/itunes-assets/AudioPreview221/v4/92/07/4c/92074ca4-7f88-7ed7-ae79-9950c7000969/mzaf_6849252024047969715.plus.aac.p.m4a""), attributes.title = c(NA, ""Preview""), `attributes.im:assetType` = c(NA, ""preview""), `im:duration.label` = c(NA, ""30000""))","list(label = c(""https://is1-ssl.mzstatic.com/image/thumb/Music221/v4/51/42/01/51420110-806a-86c5-7025-5016e5a2bd57/196873750729.jpg/55x55bb.png"", ""https://is1-ssl.mzstatic.com/image/thumb/Music221/v4/51/42/01/51420110-806a-86c5-7025-5016e5a2bd57/196873750729.jpg/60x60bb.png"", ""https://is1-ssl.mzstatic.com/image/thumb/Music221/v4/51/42/01/51420110-806a-86c5-7025-5016e5a2bd57/196873750729.jpg/170x170bb.png""), attributes.height = c(""55"", ""60"", ""170""))",NA
"list(attributes.rel = c(""alternate"", ""enclosure""), attributes.type = c(""text/html"", ""audio/x-m4a""), attributes.href = c(""https://music.apple.com/us/album/operator-thats-not-the-way-it-feels/1674575643?i=1674575650&uo=2"", ""https://audio-ssl.itunes.apple.com/itunes-assets/AudioPreview211/v4/4b/b4/44/4bb44482-1f51-0867-7741-c6db2417dbc3/mzaf_3756044512294640851.plus.aac.p.m4a""), attributes.title = c(NA, ""Preview""), `attributes.im:assetType` = c(NA, ""preview""), `im:duration.label` = c(NA, ""30000""))","list(label = c(""https://is1-ssl.mzstatic.com/image/thumb/Music221/v4/af/1e/ea/af1eeac7-1c1f-2190-24b6-21a03ca5ac8f/5032698667321.jpg/55x55bb.png"", ""https://is1-ssl.mzstatic.com/image/thumb/Music221/v4/af/1e/ea/af1eeac7-1c1f-2190-24b6-21a03ca5ac8f/5032698667321.jpg/60x60bb.png"", ""https://is1-ssl.mzstatic.com/image/thumb/Music221/v4/af/1e/ea/af1eeac7-1c1f-2190-24b6-21a03ca5ac8f/5032698667321.jpg/170x170bb.png""), attributes.height = c(""55"", ""60"", ""170""))",NA
"list(attributes.rel = c(""alternate"", ""enclosure""), attributes.type = c(""text/html"", ""audio/x-m4a""), attributes.href = c(""https://music.apple.com/us/album/thriller/269572838?i=269573303&uo=2"", ""https://audio-ssl.itunes.apple.com/itunes-assets/AudioPreview221/v4/58/8c/cb/588ccb9a-ab79-4a38-43b5-d4c24ea42859/mzaf_2083607504726567992.plus.aac.p.m4a""), attributes.title = c(NA, ""Preview""), `attributes.im:assetType` = c(NA, ""preview""), `im:duration.label` = c(NA, ""30000""))","list(label = c(""https://is1-ssl.mzstatic.com/image/thumb/Music115/v4/32/4f/fd/324ffda2-9e51-8f6a-0c2d-c6fd2b41ac55/074643811224.jpg/55x55bb.png"", ""https://is1-ssl.mzstatic.com/image/thumb/Music115/v4/32/4f/fd/324ffda2-9e51-8f6a-0c2d-c6fd2b41ac55/074643811224.jpg/60x60bb.png"", ""https://is1-ssl.mzstatic.com/image/thumb/Music115/v4/32/4f/fd/324ffda2-9e51-8f6a-0c2d-c6fd2b41ac55/074643811224.jpg/170x170bb.png""), attributes.height = c(""55"", ""60"", ""170""))",NA
"list(attributes.rel = c(""alternate"", ""enclosure""), attributes.type = c(""text/html"", ""audio/x-m4a""), attributes.href = c(""https://music.apple.com/us/album/be-her/1869436835?i=1869436845&uo=2"", ""https://audio-ssl.itunes.apple.com/itunes-assets/AudioPreview221/v4/c8/7c/d4/c87cd4df-1197-1d1d-a07c-c5139d59a58f/mzaf_8671653320488087674.plus.aac.p.m4a""), attributes.title = c(NA, ""Preview""), `attributes.im:assetType` = c(NA, ""preview""), `im:duration.label` = c(NA, ""30000""))","list(label = c(""https://is1-ssl.mzstatic.com/image/thumb/Music211/v4/a1/ba/64/a1ba6484-f462-1b88-ddff-d4c014d5f265/196874018361.jpg/55x55bb.png"", ""https://is1-ssl.mzstatic.com/image/thumb/Music211/v4/a1/ba/64/a1ba6484-f462-1b88-ddff-d4c014d5f265/196874018361.jpg/60x60bb.png"", ""https://is1-ssl.mzstatic.com/image/thumb/Music211/v4/a1/ba/64/a1ba6484-f462-1b88-ddff-d4c014d5f265/196874018361.jpg/170x170bb.png""), attributes.height = c(""55"", ""60"", ""170""))",NA
"list(attributes.rel = c(""alternate"", ""enclosure""), attributes.type = c(""text/html"", ""audio/x-m4a""), attributes.href = c(""https://music.apple.com/us/album/love-me-like-a-man/287368476?i=287368626&uo=2"", ""https://audio-ssl.itunes.apple.com/itunes-assets/AudioPreview221/v4/ae/a6/12/aea61208-0e76-e4b8-7f9c-c7f77f87c22e/mzaf_17160891115189592110.plus.aac.p.m4a""), attributes.title = c(NA, ""Preview""), `attributes.im:assetType` = c(NA, ""preview""), `im:duration.label` = c(NA, ""30000""))","list(label = c(""https://is1-ssl.mzstatic.com/image/thumb/Music/b0/46/f2/mzi.yihgmkhb.jpg/55x55bb.png"", ""https://is1-ssl.mzstatic.com/image/thumb/Music/b0/46/f2/mzi.yihgmkhb.jpg/60x60bb.png"", ""https://is1-ssl.mzstatic.com/image/thumb/Music/b0/46/f2/mzi.yihgmkhb.jpg/170x170bb.png""), attributes.height = c(""55"", ""60"", ""170""))",NA
"list(attributes.rel = c(""alternate"", ""enclosure""), attributes.type = c(""text/html"", ""audio/x-m4a""), attributes.href = c(""https://music.apple.com/us/album/movin-to-the-sun/6769069923?i=6769070199&uo=2"", ""https://audio-ssl.itunes.apple.com/itunes-assets/AudioPreview221/v4/a9/d2/09/a9d209b4-55a5-67e8-2e15-949cb00e716d/mzaf_11935934741751979581.plus.aac.p.m4a""), attributes.title = c(NA, ""Preview""), `attributes.im:assetType` = c(NA, ""preview""), `im:duration.label` = c(NA, ""30000""))","list(label = c(""https://is1-ssl.mzstatic.com/image/thumb/Music211/v4/96/61/7a/96617ab5-51da-7cfc-97e5-c5a6a893c210/1087654.jpg/55x55bb.png"", ""https://is1-ssl.mzstatic.com/image/thumb/Music211/v4/96/61/7a/96617ab5-51da-7cfc-97e5-c5a6a893c210/1087654.jpg/60x60bb.png"", ""https://is1-ssl.mzstatic.com/image/thumb/Music211/v4/96/61/7a/96617ab5-51da-7cfc-97e5-c5a6a893c210/1087654.jpg/170x170bb.png""), attributes.height = c(""55"", ""60"", ""170""))",NA
"list(attributes.rel = c(""alternate"", ""enclosure""), attributes.type = c(""text/html"", ""audio/x-m4a""), attributes.href = c(""https://music.apple.com/us/album/make-me-love-you/6784018115?i=6784018125&uo=2"", ""https://audio-ssl.itunes.apple.com/itunes-assets/AudioPreview221/v4/0c/60/b8/0c60b8f1-8925-2f38-b66e-02145ff8a1c4/mzaf_11262224206029884975.plus.aac.p.m4a""), attributes.title = c(NA, ""Preview""), `attributes.im:assetType` = c(NA, ""preview""), `im:duration.label` = c(NA, ""30000""))","list(label = c(""https://is1-ssl.mzstatic.com/image/thumb/Music221/v4/07/bb/84/07bb846c-eaea-b26a-aebd-ba911351a35b/00823375244738_Cover.jpg/55x55bb.png"", ""https://is1-ssl.mzstatic.com/image/thumb/Music221/v4/07/bb/84/07bb846c-eaea-b26a-aebd-ba911351a35b/00823375244738_Cover.jpg/60x60bb.png"", ""https://is1-ssl.mzstatic.com/image/thumb/Music221/v4/07/bb/84/07bb846c-eaea-b26a-aebd-ba911351a35b/00823375244738_Cover.jpg/170x170bb.png""), attributes.height = c(""55"", ""60"", ""170""))",NA
"list(attributes.rel = c(""alternate"", ""enclosure""), attributes.type = c(""text/html"", ""audio/x-m4a""), attributes.href = c(""https://music.apple.com/us/album/hero/1474357932?i=1474358129&uo=2"", ""https://audio-ssl.itunes.apple.com/itunes-assets/AudioPreview221/v4/2d/90/be/2d90be5f-15da-8b34-1645-76c7557e492e/mzaf_11564174326513247291.plus.aac.p.m4a""), attributes.title = c(NA, ""Preview""), `attributes.im:assetType` = c(NA, ""preview""), `im:duration.label` = c(NA, ""30000""))","list(label = c(""https://is1-ssl.mzstatic.com/image/thumb/Music125/v4/fe/7b/d7/fe7bd752-30f8-bbb3-5d01-36710c4024aa/19UMGIM61784.rgb.jpg/55x55bb.png"", ""https://is1-ssl.mzstatic.com/image/thumb/Music125/v4/fe/7b/d7/fe7bd752-30f8-bbb3-5d01-36710c4024aa/19UMGIM61784.rgb.jpg/60x60bb.png"", ""https://is1-ssl.mzstatic.com/image/thumb/Music125/v4/fe/7b/d7/fe7bd752-30f8-bbb3-5d01-36710c4024aa/19UMGIM61784.rgb.jpg/170x170bb.png""), attributes.height = c(""55"", ""60"", ""170""))",NA
"list(attributes.rel = c(""alternate"", ""enclosure""), attributes.type = c(""text/html"", ""audio/x-m4a""), attributes.href = c(""https://music.apple.com/us/album/worst-way/1736951246?i=1736951792&uo=2"", ""https://audio-ssl.itunes.apple.com/itunes-assets/AudioPreview221/v4/c1/b3/92/c1b392f5-6498-4b20-5adb-ab8c28d2e06b/mzaf_15006075300477439725.plus.aac.p.m4a""), attributes.title = c(NA, ""Preview""), `attributes.im:assetType` = c(NA, ""preview""), `im:duration.label` = c(NA, ""30000""))","list(label = c(""https://is1-ssl.mzstatic.com/image/thumb/Music221/v4/a9/79/dc/a979dc04-be66-92a4-60d5-5ce4dd7414b7/24BMR0005137.rgb.jpg/55x55bb.png"", ""https://is1-ssl.mzstatic.com/image/thumb/Music221/v4/a9/79/dc/a979dc04-be66-92a4-60d5-5ce4dd7414b7/24BMR0005137.rgb.jpg/60x60bb.png"", ""https://is1-ssl.mzstatic.com/image/thumb/Music221/v4/a9/79/dc/a979dc04-be66-92a4-60d5-5ce4dd7414b7/24BMR0005137.rgb.jpg/170x170bb.png""), attributes.height = c(""55"", ""60"", ""170""))",NA
"list(attributes.rel = c(""alternate"", ""enclosure""), attributes.type = c(""text/html"", ""audio/x-m4a""), attributes.href = c(""https://music.apple.com/us/album/if-i-dont-leave-im-gonna-stay/6798790451?i=6798790452&uo=2"", ""https://audio-ssl.itunes.apple.com/itunes-assets/AudioPreview221/v4/27/03/72/27037276-e6fa-d11d-0841-aac6d1b88faf/mzaf_6983783438891540807.plus.aac.p.m4a""), attributes.title = c(NA, ""Preview""), `attributes.im:assetType` = c(NA, ""preview""), `im:duration.label` = c(NA, ""30000""))","list(label = c(""https://is1-ssl.mzstatic.com/image/thumb/Music221/v4/48/ce/a2/48cea289-289a-0d95-a67f-e562f804d518/0843930149803.jpg/55x55bb.png"", ""https://is1-ssl.mzstatic.com/image/thumb/Music221/v4/48/ce/a2/48cea289-289a-0d95-a67f-e562f804d518/0843930149803.jpg/60x60bb.png"", ""https://is1-ssl.mzstatic.com/image/thumb/Music221/v4/48/ce/a2/48cea289-289a-0d95-a67f-e562f804d518/0843930149803.jpg/170x170bb.png""), attributes.height = c(""55"", ""60"", ""170""))",NA
"list(attributes.rel = c(""alternate"", ""enclosure""), attributes.type = c(""text/html"", ""audio/x-m4a""), attributes.href = c(""https://music.apple.com/us/album/jaded/6798042820?i=6798042825&uo=2"", ""https://audio-ssl.itunes.apple.com/itunes-assets/AudioPreview211/v4/94/f7/e2/94f7e2cc-b182-cb75-7a31-7e88eee2191e/mzaf_12920756836197900992.plus.aac.p.m4a""), attributes.title = c(NA, ""Preview""), `attributes.im:assetType` = c(NA, ""preview""), `im:duration.label` = c(NA, ""30000""))","list(label = c(""https://is1-ssl.mzstatic.com/image/thumb/Music211/v4/c1/09/7e/c1097e38-0d2e-d389-2be7-0762979bb43a/ticket.easjqfbg.jpg/55x55bb.png"", ""https://is1-ssl.mzstatic.com/image/thumb/Music211/v4/c1/09/7e/c1097e38-0d2e-d389-2be7-0762979bb43a/ticket.easjqfbg.jpg/60x60bb.png"", ""https://is1-ssl.mzstatic.com/image/thumb/Music211/v4/c1/09/7e/c1097e38-0d2e-d389-2be7-0762979bb43a/ticket.easjqfbg.jpg/170x170bb.png""), attributes.height = c(""55"", ""60"", ""170""))",NA
"list(attributes.rel = c(""alternate"", ""enclosure""), attributes.type = c(""text/html"", ""audio/x-m4a""), attributes.href = c(""https://music.apple.com/us/album/valhalla-calling-valhalla-viking/6801599790?i=6801599791&uo=2"", ""https://audio-ssl.itunes.apple.com/itunes-assets/AudioPreview211/v4/52/ea/c2/52eac2bb-9db7-10e3-526f-aa5a99b6a6d7/mzaf_12349455124149291831.plus.aac.p.m4a""), attributes.title = c(NA, ""Preview""), `attributes.im:assetType` = c(NA, ""preview""), `im:duration.label` = c(NA, ""30000""))","list(label = c(""https://is1-ssl.mzstatic.com/image/thumb/Music221/v4/68/2e/6a/682e6ae6-2d22-e5bc-5ec2-9db888b7b280/cover.jpg/55x55bb.png"", ""https://is1-ssl.mzstatic.com/image/thumb/Music221/v4/68/2e/6a/682e6ae6-2d22-e5bc-5ec2-9db888b7b280/cover.jpg/60x60bb.png"", ""https://is1-ssl.mzstatic.com/image/thumb/Music221/v4/68/2e/6a/682e6ae6-2d22-e5bc-5ec2-9db888b7b280/cover.jpg/170x170bb.png""), attributes.height = c(""55"", ""60"", ""170""))",NA
"list(attributes.rel = c(""alternate"", ""enclosure""), attributes.type = c(""text/html"", ""audio/x-m4a""), attributes.href = c(""https://music.apple.com/us/album/god-didnt-let-me-break/6808644764?i=6808644765&uo=2"", ""https://audio-ssl.itunes.apple.com/itunes-assets/AudioPreview211/v4/ce/5b/8c/ce5b8cc7-6aa4-2981-f9d8-4db3c152a57b/mzaf_11226441772870571870.plus.aac.p.m4a""), attributes.title = c(NA, ""Preview""), `attributes.im:assetType` = c(NA, ""preview""), `im:duration.label` = c(NA, ""30000""))","list(label = c(""https://is1-ssl.mzstatic.com/image/thumb/Music221/v4/26/a7/62/26a762fb-b712-0629-d24f-14a7296e8f9f/artwork.jpg/55x55bb.png"", ""https://is1-ssl.mzstatic.com/image/thumb/Music221/v4/26/a7/62/26a762fb-b712-0629-d24f-14a7296e8f9f/artwork.jpg/60x60bb.png"", ""https://is1-ssl.mzstatic.com/image/thumb/Music221/v4/26/a7/62/26a762fb-b712-0629-d24f-14a7296e8f9f/artwork.jpg/170x170bb.png""), attributes.height = c(""55"", ""60"", ""170""))",NA
"list(attributes.rel = c(""alternate"", ""enclosure""), attributes.type = c(""text/html"", ""audio/x-m4a""), attributes.href = c(""https://music.apple.com/us/album/babydoll/6812888324?i=6812888327&uo=2"", ""https://audio-ssl.itunes.apple.com/itunes-assets/AudioPreview221/v4/db/c7/48/dbc74870-1d53-6431-30bb-1e2fd7527451/mzaf_3420020238001295608.plus.aac.p.m4a""), attributes.title = c(NA, ""Preview""), `attributes.im:assetType` = c(NA, ""preview""), `im:duration.label` = c(NA, ""30000""))","list(label = c(""https://is1-ssl.mzstatic.com/image/thumb/Music221/v4/a9/85/94/a98594bd-8e36-7b9f-a59d-77a3a19eb9a1/26UM1IM19333.rgb.jpg/55x55bb.png"", ""https://is1-ssl.mzstatic.com/image/thumb/Music221/v4/a9/85/94/a98594bd-8e36-7b9f-a59d-77a3a19eb9a1/26UM1IM19333.rgb.jpg/60x60bb.png"", ""https://is1-ssl.mzstatic.com/image/thumb/Music221/v4/a9/85/94/a98594bd-8e36-7b9f-a59d-77a3a19eb9a1/26UM1IM19333.rgb.jpg/170x170bb.png""), attributes.height = c(""55"", ""60"", ""170""))",NA
"list(attributes.rel = c(""alternate"", ""enclosure""), attributes.type = c(""text/html"", ""audio/x-m4a""), attributes.href = c(""https://music.apple.com/us/album/back-to-friends/1786481196?i=1786481197&uo=2"", ""https://audio-ssl.itunes.apple.com/itunes-assets/AudioPreview211/v4/d7/63/7d/d7637dec-cf2d-1455-3398-f1a6340359d0/mzaf_88927986796632454.plus.aac.p.m4a""), attributes.title = c(NA, ""Preview""), `attributes.im:assetType` = c(NA, ""preview""), `im:duration.label` = c(NA, ""30000""))","list(label = c(""https://is1-ssl.mzstatic.com/image/thumb/Music221/v4/5d/d5/ad/5dd5ad1b-fabf-9218-77f0-3adbfd5328ac/054391237118.jpg/55x55bb.png"", ""https://is1-ssl.mzstatic.com/image/thumb/Music221/v4/5d/d5/ad/5dd5ad1b-fabf-9218-77f0-3adbfd5328ac/054391237118.jpg/60x60bb.png"", ""https://is1-ssl.mzstatic.com/image/thumb/Music221/v4/5d/d5/ad/5dd5ad1b-fabf-9218-77f0-3adbfd5328ac/054391237118.jpg/170x170bb.png""), attributes.height = c(""55"", ""60"", ""170""))",NA
"list(attributes.rel = c(""alternate"", ""enclosure""), attributes.type = c(""text/html"", ""audio/x-m4a""), attributes.href = c(""https://music.apple.com/us/album/man-i-need/1817609404?i=1817609509&uo=2"", ""https://audio-ssl.itunes.apple.com/itunes-assets/AudioPreview221/v4/42/bb/5b/42bb5b21-2550-6205-bf3c-334b0e7d6199/mzaf_17462928687872215879.plus.aac.p.m4a""), attributes.title = c(NA, ""Preview""), `attributes.im:assetType` = c(NA, ""preview""), `im:duration.label` = c(NA, ""30000""))","list(label = c(""https://is1-ssl.mzstatic.com/image/thumb/Music221/v4/08/e2/21/08e22164-7c0b-1522-818f-e0e74f62dc49/25UMGIM69703.rgb.jpg/55x55bb.png"", ""https://is1-ssl.mzstatic.com/image/thumb/Music221/v4/08/e2/21/08e22164-7c0b-1522-818f-e0e74f62dc49/25UMGIM69703.rgb.jpg/60x60bb.png"", ""https://is1-ssl.mzstatic.com/image/thumb/Music221/v4/08/e2/21/08e22164-7c0b-1522-818f-e0e74f62dc49/25UMGIM69703.rgb.jpg/170x170bb.png""), attributes.height = c(""55"", ""60"", ""170""))",NA
"list(attributes.rel = c(""alternate"", ""enclosure""), attributes.type = c(""text/html"", ""audio/x-m4a""), attributes.href = c(""https://music.apple.com/us/album/blood-runs-wild/6791689311?i=6791689312&uo=2"", ""https://audio-ssl.itunes.apple.com/itunes-assets/AudioPreview211/v4/e6/b8/7c/e6b87c38-ee64-3461-f12c-468793ea0f4b/mzaf_3967365331319776870.plus.aac.p.m4a""), attributes.title = c(NA, ""Preview""), `attributes.im:assetType` = c(NA, ""preview""), `im:duration.label` = c(NA, ""30000""))","list(label = c(""https://is1-ssl.mzstatic.com/image/thumb/Music221/v4/df/02/d1/df02d1f3-cef4-cb89-eb0a-4cf463f601db/612891146042.jpg/55x55bb.png"", ""https://is1-ssl.mzstatic.com/image/thumb/Music221/v4/df/02/d1/df02d1f3-cef4-cb89-eb0a-4cf463f601db/612891146042.jpg/60x60bb.png"", ""https://is1-ssl.mzstatic.com/image/thumb/Music221/v4/df/02/d1/df02d1f3-cef4-cb89-eb0a-4cf463f601db/612891146042.jpg/170x170bb.png""), attributes.height = c(""55"", ""60"", ""170""))",NA
"list(attributes.rel = c(""alternate"", ""enclosure""), attributes.type = c(""text/html"", ""audio/x-m4a""), attributes.href = c(""https://music.apple.com/us/album/i-cant-love-you-anymore/1895159736?i=6763094377&uo=2"", ""https://audio-ssl.itunes.apple.com/itunes-assets/AudioPreview221/v4/1d/bf/35/1dbf3531-4434-a183-7552-4d8eba15e756/mzaf_17703032666608891166.plus.aac.p.m4a""), attributes.title = c(NA, ""Preview""), `attributes.im:assetType` = c(NA, ""preview""), `im:duration.label` = c(NA, ""30000""))","list(label = c(""https://is1-ssl.mzstatic.com/image/thumb/Music211/v4/26/35/03/26350323-d656-4817-49e6-4d658af8363a/196874332917.jpg/55x55bb.png"", ""https://is1-ssl.mzstatic.com/image/thumb/Music211/v4/26/35/03/26350323-d656-4817-49e6-4d658af8363a/196874332917.jpg/60x60bb.png"", ""https://is1-ssl.mzstatic.com/image/thumb/Music211/v4/26/35/03/26350323-d656-4817-49e6-4d658af8363a/196874332917.jpg/170x170bb.png""), attributes.height = c(""55"", ""60"", ""170""))",NA
"list(attributes.rel = c(""alternate"", ""enclosure""), attributes.type = c(""text/html"", ""audio/x-m4a""), attributes.href = c(""https://music.apple.com/us/album/step-by-step-in-time/6781862650?i=6781863012&uo=2"", ""https://audio-ssl.itunes.apple.com/itunes-assets/AudioPreview221/v4/18/e1/d8/18e1d83f-b498-fcb9-822f-efaceb7aba0c/mzaf_9946552445942450434.plus.aac.p.m4a""), attributes.title = c(NA, ""Preview""), `attributes.im:assetType` = c(NA, ""preview""), `im:duration.label` = c(NA, ""30000""))","list(label = c(""https://is1-ssl.mzstatic.com/image/thumb/Music221/v4/e3/19/1f/e3191fd4-c2f9-09a8-18cf-57e8a94fddab/825353286730.jpg/55x55bb.png"", ""https://is1-ssl.mzstatic.com/image/thumb/Music221/v4/e3/19/1f/e3191fd4-c2f9-09a8-18cf-57e8a94fddab/825353286730.jpg/60x60bb.png"", ""https://is1-ssl.mzstatic.com/image/thumb/Music221/v4/e3/19/1f/e3191fd4-c2f9-09a8-18cf-57e8a94fddab/825353286730.jpg/170x170bb.png""), attributes.height = c(""55"", ""60"", ""170""))",NA
"list(attributes.rel = c(""alternate"", ""enclosure""), attributes.type = c(""text/html"", ""audio/x-m4a""), attributes.href = c(""https://music.apple.com/us/album/dracula/1842444456?i=1842444457&uo=2"", ""https://audio-ssl.itunes.apple.com/itunes-assets/AudioPreview211/v4/71/5d/31/715d3169-5fba-a0b7-da24-2aefc83796cf/mzaf_8089500935177582820.plus.aac.p.m4a""), attributes.title = c(NA, ""Preview""), `attributes.im:assetType` = c(NA, ""preview""), `im:duration.label` = c(NA, ""30000""))","list(label = c(""https://is1-ssl.mzstatic.com/image/thumb/Music211/v4/36/be/b4/36beb41f-c644-55cb-9fbb-bf0622a66653/196873644783.jpg/55x55bb.png"", ""https://is1-ssl.mzstatic.com/image/thumb/Music211/v4/36/be/b4/36beb41f-c644-55cb-9fbb-bf0622a66653/196873644783.jpg/60x60bb.png"", ""https://is1-ssl.mzstatic.com/image/thumb/Music211/v4/36/be/b4/36beb41f-c644-55cb-9fbb-bf0622a66653/196873644783.jpg/170x170bb.png""), attributes.height = c(""55"", ""60"", ""170""))",NA
"list(attributes.rel = c(""alternate"", ""enclosure""), attributes.type = c(""text/html"", ""audio/x-m4a""), attributes.href = c(""https://music.apple.com/us/album/snakeskin-boots/6775919538?i=6775919764&uo=2"", ""https://audio-ssl.itunes.apple.com/itunes-assets/AudioPreview211/v4/79/fa/bf/79fabfcf-6095-f978-273a-2a635b4d0998/mzaf_13276375286634834948.plus.aac.p.m4a""), attributes.title = c(NA, ""Preview""), `attributes.im:assetType` = c(NA, ""preview""), `im:duration.label` = c(NA, ""30000""))","list(label = c(""https://is1-ssl.mzstatic.com/image/thumb/Music211/v4/70/8b/80/708b803d-370d-2ad3-fdbd-0c0cdfe92526/26UMGIM63533.rgb.jpg/55x55bb.png"", ""https://is1-ssl.mzstatic.com/image/thumb/Music211/v4/70/8b/80/708b803d-370d-2ad3-fdbd-0c0cdfe92526/26UMGIM63533.rgb.jpg/60x60bb.png"", ""https://is1-ssl.mzstatic.com/image/thumb/Music211/v4/70/8b/80/708b803d-370d-2ad3-fdbd-0c0cdfe92526/26UMGIM63533.rgb.jpg/170x170bb.png""), attributes.height = c(""55"", ""60"", ""170""))",NA
"list(attributes.rel = c(""alternate"", ""enclosure""), attributes.type = c(""text/html"", ""audio/x-m4a""), attributes.href = c(""https://music.apple.com/us/album/9-to-5/282883573?i=282883590&uo=2"", ""https://audio-ssl.itunes.apple.com/itunes-assets/AudioPreview211/v4/71/83/42/7183429b-c504-9261-f5cb-5f41e3a532bc/mzaf_12589133056404920978.plus.aac.p.m4a""), attributes.title = c(NA, ""Preview""), `attributes.im:assetType` = c(NA, ""preview""), `im:duration.label` = c(NA, ""30000""))","list(label = c(""https://is1-ssl.mzstatic.com/image/thumb/Music/37/fa/d1/mzi.ecmonpil.jpg/55x55bb.png"", ""https://is1-ssl.mzstatic.com/image/thumb/Music/37/fa/d1/mzi.ecmonpil.jpg/60x60bb.png"", ""https://is1-ssl.mzstatic.com/image/thumb/Music/37/fa/d1/mzi.ecmonpil.jpg/170x170bb.png""), attributes.height = c(""55"", ""60"", ""170""))",NA
"list(attributes.rel = c(""alternate"", ""enclosure""), attributes.type = c(""text/html"", ""audio/x-m4a""), attributes.href = c(""https://music.apple.com/us/album/dead-company/6800026500?i=6800026501&uo=2"", ""https://audio-ssl.itunes.apple.com/itunes-assets/AudioPreview221/v4/fd/0a/b4/fd0ab480-5f1d-792c-856c-ecbfaa03ee70/mzaf_7893966976508762571.plus.aac.p.m4a""), attributes.title = c(NA, ""Preview""), `attributes.im:assetType` = c(NA, ""preview""), `im:duration.label` = c(NA, ""30000""))","list(label = c(""https://is1-ssl.mzstatic.com/image/thumb/Music221/v4/71/a4/de/71a4de9a-a29a-56cc-ffa9-102f6ca76a43/1200214816384.jpg/55x55bb.png"", ""https://is1-ssl.mzstatic.com/image/thumb/Music221/v4/71/a4/de/71a4de9a-a29a-56cc-ffa9-102f6ca76a43/1200214816384.jpg/60x60bb.png"", ""https://is1-ssl.mzstatic.com/image/thumb/Music221/v4/71/a4/de/71a4de9a-a29a-56cc-ffa9-102f6ca76a43/1200214816384.jpg/170x170bb.png""), attributes.height = c(""55"", ""60"", ""170""))",NA
"list(attributes.rel = c(""alternate"", ""enclosure""), attributes.type = c(""text/html"", ""audio/x-m4a""), attributes.href = c(""https://music.apple.com/us/album/when-i-call-your-name/1443172744?i=1443173029&uo=2"", ""https://audio-ssl.itunes.apple.com/itunes-assets/AudioPreview221/v4/f7/57/6f/f7576f3d-d72e-b0b2-ab25-18289a7c3cfe/mzaf_4808820923463832880.plus.aac.p.m4a""), attributes.title = c(NA, ""Preview""), `attributes.im:assetType` = c(NA, ""preview""), `im:duration.label` = c(NA, ""30000""))","list(label = c(""https://is1-ssl.mzstatic.com/image/thumb/Music211/v4/cd/84/19/cd841975-8e52-a9c2-6aa9-73d9f712fb6f/06UMGIM00935.rgb.jpg/55x55bb.png"", ""https://is1-ssl.mzstatic.com/image/thumb/Music211/v4/cd/84/19/cd841975-8e52-a9c2-6aa9-73d9f712fb6f/06UMGIM00935.rgb.jpg/60x60bb.png"", ""https://is1-ssl.mzstatic.com/image/thumb/Music211/v4/cd/84/19/cd841975-8e52-a9c2-6aa9-73d9f712fb6f/06UMGIM00935.rgb.jpg/170x170bb.png""), attributes.height = c(""55"", ""60"", ""170""))",NA
"list(attributes.rel = c(""alternate"", ""enclosure""), attributes.type = c(""text/html"", ""audio/x-m4a""), attributes.href = c(""https://music.apple.com/us/album/ordinary/1793663382?i=1793663645&uo=2"", ""https://audio-ssl.itunes.apple.com/itunes-assets/AudioPreview211/v4/f4/2f/82/f42f82e5-e164-dd14-4f9a-2767d0215bae/mzaf_2512873933120069750.plus.aac.p.m4a""), attributes.title = c(NA, ""Preview""), `attributes.im:assetType` = c(NA, ""preview""), `im:duration.label` = c(NA, ""30000""))","list(label = c(""https://is1-ssl.mzstatic.com/image/thumb/Music211/v4/46/78/fb/4678fb84-d19e-f11b-93ff-4dc17660bff8/075679619075.jpg/55x55bb.png"", ""https://is1-ssl.mzstatic.com/image/thumb/Music211/v4/46/78/fb/4678fb84-d19e-f11b-93ff-4dc17660bff8/075679619075.jpg/60x60bb.png"", ""https://is1-ssl.mzstatic.com/image/thumb/Music211/v4/46/78/fb/4678fb84-d19e-f11b-93ff-4dc17660bff8/075679619075.jpg/170x170bb.png""), attributes.height = c(""55"", ""60"", ""170""))",NA
